"","prob.meio","prob.mito","dispersal","euploid","mosaic","aneuploid","weights"
"1",0.319248997506695,0.0781483714121407,0,0.241,0.163,0.596,0.00187841867012417
"2",0.279337557871959,0.0932640874423539,0,0.241,0.163,0.596,0.00187841867012417
"3",0.31526993026558,0.0867427773926811,0,0.241,0.163,0.596,0.00187841867012417
"4",0.25910019609399,0.0926670923905892,0,0.241,0.163,0.596,0.00187841867012417
"5",0.316588795538699,0.0836953288541882,0,0.241,0.163,0.596,0.00187841867012417
"6",0.312132645013584,0.0817988921395111,0,0.242,0.163,0.595,0.00187841867012417
"7",0.320407750293908,0.087116749839932,0,0.242,0.163,0.595,0.00187841867012417
"8",0.306860555674508,0.0887844966118043,0,0.242,0.163,0.595,0.00187841867012417
"9",0.274118763649394,0.0924646762974392,0,0.242,0.163,0.595,0.00187841867012417
"10",0.259586742454394,0.0971200759180196,0,0.242,0.163,0.595,0.00187841867012417
"11",0.278299559549426,0.0891535096973615,0,0.24,0.163,0.597,0.00187841867012417
"12",0.249973458547732,0.0971294024063474,0,0.24,0.163,0.597,0.00187841867012417
"13",0.288284932296837,0.0942832809367754,0,0.24,0.163,0.597,0.00187841867012417
"14",0.274957682680993,0.0873570646697787,0,0.24,0.163,0.597,0.00187841867012417
"15",0.292670331959674,0.0880182034022567,0,0.24,0.163,0.597,0.00187841867012417
"16",0.332327234760629,0.0842088043735319,0,0.24,0.163,0.597,0.00187841867012417
"17",0.245252560890051,0.0982733427730063,0,0.241,0.162,0.597,0.00187841867012417
"18",0.343271216117006,0.0774216887398116,0,0.241,0.162,0.597,0.00187841867012417
"19",0.324740358795405,0.0823629360776748,0,0.241,0.162,0.597,0.00187841867012417
"20",0.272699889493625,0.0845111623110878,0,0.242,0.162,0.596,0.00187841867012417
"21",0.310135733459515,0.0910008235349161,0,0.242,0.162,0.596,0.00187841867012417
"22",0.309734712272543,0.0862460703970264,0,0.242,0.162,0.596,0.00187841867012417
"23",0.337622709045989,0.0806955577531802,0,0.243,0.163,0.594,0.00187841867012417
"24",0.319614944929541,0.0827008736666397,0,0.243,0.163,0.594,0.00187841867012417
"25",0.302391333625128,0.089702291871047,0,0.243,0.163,0.594,0.00187841867012417
"26",0.28840904694368,0.0893178451336024,0,0.243,0.163,0.594,0.00187841867012417
"27",0.210445688121313,0.105385692132844,0,0.243,0.163,0.594,0.00187841867012417
"28",0.330797923723177,0.0764729205561362,0,0.239,0.163,0.598,0.00187841867012417
"29",0.385806058629048,0.0826089268106909,0,0.239,0.163,0.598,0.00187841867012417
"30",0.283223503181219,0.0913313159571177,0,0.239,0.163,0.598,0.00187841867012417
"31",0.285599825330639,0.0858809039761952,0,0.239,0.163,0.598,0.00187841867012417
"32",0.27594164533822,0.0933950447871239,0,0.239,0.163,0.598,0.00187841867012417
"33",0.241037039464253,0.0932275560512464,0,0.239,0.163,0.598,0.00187841867012417
"34",0.32331202331519,0.0860281332739354,0,0.239,0.163,0.598,0.00187841867012417
"35",0.282499373133132,0.0910745730455566,0,0.239,0.163,0.598,0.00187841867012417
"36",0.256207006473874,0.0912103945621004,0,0.241,0.164,0.595,0.00187841867012417
"37",0.337185284761101,0.0875941855487019,0,0.241,0.164,0.595,0.00187841867012417
"38",0.327188778933862,0.0821573329214972,0,0.241,0.164,0.595,0.00187841867012417
"39",0.348770690665238,0.0827942909993015,0,0.241,0.164,0.595,0.00187841867012417
"40",0.331102526646046,0.0858579506650319,0,0.241,0.164,0.595,0.00187841867012417
"41",0.310654377313084,0.0879280987358162,0,0.241,0.164,0.595,0.00187841867012417
"42",0.26101021373785,0.091554819758014,0,0.241,0.164,0.595,0.00187841867012417
"43",0.30119490990719,0.0878710383862404,0,0.241,0.164,0.595,0.00187841867012417
"44",0.353183172025529,0.0780615916754445,0,0.24,0.164,0.596,0.00187841867012417
"45",0.29030698101129,0.0881291749740225,0,0.24,0.164,0.596,0.00187841867012417
"46",0.315474019896947,0.0877990420267443,0,0.24,0.164,0.596,0.00187841867012417
"47",0.318383224212268,0.0847840332762868,0,0.24,0.164,0.596,0.00187841867012417
"48",0.305587290411853,0.084632035942289,0,0.24,0.164,0.596,0.00187841867012417
"49",0.332966820050096,0.0848696230653255,0,0.24,0.162,0.598,0.00187841867012417
"50",0.312692822068884,0.089671908088982,0,0.24,0.162,0.598,0.00187841867012417
"51",0.23025472976826,0.0972697856696232,0,0.24,0.162,0.598,0.00187841867012417
"52",0.276605366739031,0.0875106851182682,0,0.24,0.162,0.598,0.00187841867012417
"53",0.293511362905751,0.0907367077831689,0,0.24,0.162,0.598,0.00187841867012417
"54",0.333950355886657,0.0814440654054504,0,0.24,0.162,0.598,0.00187841867012417
"55",0.338907296161122,0.0893302830095918,0,0.24,0.162,0.598,0.00187841867012417
"56",0.248687577275838,0.0918734700656258,0,0.243,0.162,0.595,0.00187841867012417
"57",0.293993627299314,0.0898031497772907,0,0.243,0.162,0.595,0.00187841867012417
"58",0.343376879771912,0.0761072089069207,0,0.243,0.162,0.595,0.00187841867012417
"59",0.30498502031013,0.0824922257242504,0,0.243,0.162,0.595,0.00187841867012417
"60",0.314757451754072,0.0861917642533531,0,0.243,0.162,0.595,0.00187841867012417
"61",0.302092388598574,0.0879242489586026,0,0.242,0.164,0.594,0.00187841867012417
"62",0.27903407086422,0.0878987623884968,0,0.242,0.164,0.594,0.00187841867012417
"63",0.32108252428903,0.0868054544068372,0,0.242,0.164,0.594,0.00187841867012417
"64",0.338516288362447,0.0853386104234094,0,0.242,0.164,0.594,0.00187841867012417
"65",0.341385103870419,0.0845168218849735,0,0.242,0.164,0.594,0.00187841867012417
"66",0.279361934828055,0.0856525641063988,0,0.242,0.164,0.594,0.00187841867012417
"67",0.310459256954377,0.0793687824897171,0,0.239,0.164,0.597,0.00187841867012417
"68",0.303990631136373,0.0874637319189802,0,0.239,0.164,0.597,0.00187841867012417
"69",0.232662980814924,0.0917698158264657,0,0.239,0.164,0.597,0.00187841867012417
"70",0.288515875716423,0.0903070513706245,0,0.239,0.164,0.597,0.00187841867012417
"71",0.312956929689715,0.0836495839271417,0,0.239,0.164,0.597,0.00187841867012417
"72",0.278207552762441,0.0881739348428349,0,0.239,0.164,0.597,0.00187841867012417
"73",0.347722252867917,0.0805122421444405,0,0.239,0.164,0.597,0.00187841867012417
"74",0.252813420892463,0.0821055874151618,0,0.239,0.164,0.597,0.00187841867012417
"75",0.293040603269397,0.0838189547312649,0,0.239,0.162,0.599,0.00187841867012417
"76",0.271504216820654,0.0849838195104314,0,0.239,0.162,0.599,0.00187841867012417
"77",0.355250091026593,0.0759200930221781,0,0.239,0.162,0.599,0.00187841867012417
"78",0.359828941754519,0.0838374567864412,0,0.239,0.162,0.599,0.00187841867012417
"79",0.242006753973144,0.0985125592257108,0,0.244,0.163,0.593,0.00187841867012417
"80",0.263874099252432,0.0950840634649838,0,0.244,0.163,0.593,0.00187841867012417
"81",0.283250060091767,0.0836171936968153,0,0.244,0.163,0.593,0.00187841867012417
"82",0.300103220387237,0.0848379400649573,0,0.244,0.163,0.593,0.00187841867012417
"83",0.271326355202938,0.0875819717490431,0,0.244,0.163,0.593,0.00187841867012417
"84",0.275132652660606,0.091678586221361,0,0.244,0.163,0.593,0.00187841867012417
"85",0.291128397140887,0.0875131524328683,0,0.244,0.163,0.593,0.00187841867012417
"86",0.330757955784089,0.0868692501718578,0,0.244,0.163,0.593,0.00187841867012417
"87",0.287381873865614,0.0871813393542631,0,0.244,0.163,0.593,0.00187841867012417
"88",0.251476265315033,0.0910578178614263,0,0.238,0.163,0.599,0.00187841867012417
"89",0.228193132139817,0.0963195098844691,0,0.238,0.163,0.599,0.00187841867012417
"90",0.340697152595628,0.0888185902797135,0,0.244,0.162,0.594,0.00187841867012417
"91",0.261705759269188,0.0931353460297238,0,0.244,0.162,0.594,0.00187841867012417
"92",0.204144772800545,0.100312082087355,0,0.244,0.162,0.594,0.00187841867012417
"93",0.285722841820239,0.0894719124168372,0,0.244,0.162,0.594,0.00187841867012417
"94",0.330572827437161,0.0825038477335503,0,0.244,0.162,0.594,0.00187841867012417
"95",0.349342880098206,0.0780750862618778,0,0.244,0.162,0.594,0.00187841867012417
"96",0.311705909511758,0.088447347265434,0,0.243,0.164,0.593,0.00187841867012417
"97",0.290725865643193,0.0842110915977955,0,0.243,0.164,0.593,0.00187841867012417
"98",0.260955450896269,0.0944922686854393,0,0.243,0.164,0.593,0.00187841867012417
"99",0.248406457884428,0.0970609679367837,0,0.238,0.164,0.598,0.00187841867012417
"100",0.346905685625658,0.0844810346397429,0,0.238,0.164,0.598,0.00187841867012417
"101",0.332193146723806,0.0792233981898693,0,0.238,0.164,0.598,0.00187841867012417
"102",0.217154421394694,0.100078885435097,0,0.238,0.164,0.598,0.00187841867012417
"103",0.327789273158624,0.0835681833357447,0,0.238,0.164,0.598,0.00187841867012417
"104",0.333571210581649,0.0788886781633246,0,0.238,0.164,0.598,0.00187841867012417
"105",0.331687944604038,0.0799347541161631,0,0.238,0.164,0.598,0.00187841867012417
"106",0.326016362421313,0.0803096131035361,0,0.242,0.161,0.597,0.00187841867012417
"107",0.348303781784006,0.0875934154469555,0,0.242,0.161,0.597,0.00187841867012417
"108",0.316999648945539,0.0891862006571301,0,0.242,0.161,0.597,0.00187841867012417
"109",0.288815200790973,0.0853697026522889,0,0.242,0.161,0.597,0.00187841867012417
"110",0.24041534479982,0.0903567676324279,0,0.242,0.161,0.597,0.00187841867012417
"111",0.329477304391238,0.0805441747141431,0,0.241,0.161,0.598,0.00187841867012417
"112",0.342454189826396,0.0807282246603186,0,0.241,0.161,0.598,0.00187841867012417
"113",0.291450398541808,0.0919443386712275,0,0.241,0.161,0.598,0.00187841867012417
"114",0.364292407383186,0.08058988051282,0,0.241,0.161,0.598,0.00187841867012417
"115",0.300130559750767,0.0919749379082336,0,0.238,0.162,0.6,0.00187841867012417
"116",0.349389941825196,0.0840013074232451,0,0.238,0.162,0.6,0.00187841867012417
"117",0.299850896113704,0.0867007020185747,0,0.238,0.162,0.6,0.00187841867012417
"118",0.298215749655425,0.0882581821542054,0,0.238,0.162,0.6,0.00187841867012417
"119",0.306686665797539,0.0892198693009996,0,0.238,0.162,0.6,0.00187841867012417
"120",0.274071630634605,0.0975255579474188,0,0.238,0.162,0.6,0.00187841867012417
"121",0.287743447915871,0.0876395289330956,0,0.243,0.161,0.596,0.00187841867012417
"122",0.272963453080019,0.0907501243968808,0,0.243,0.161,0.596,0.00187841867012417
"123",0.250737331957283,0.100045116462199,0,0.243,0.161,0.596,0.00187841867012417
"124",0.273016435095301,0.0935715156309377,0,0.244,0.164,0.592,0.00187841867012417
"125",0.28998667369379,0.0828999732489832,0,0.244,0.164,0.592,0.00187841867012417
"126",0.265944165817972,0.0890334924447204,0,0.244,0.164,0.592,0.00187841867012417
"127",0.287466200130239,0.083719515073051,0,0.244,0.164,0.592,0.00187841867012417
"128",0.258840604594696,0.0967978456442262,0,0.244,0.164,0.592,0.00187841867012417
"129",0.301439424624834,0.0849251441550897,0,0.244,0.164,0.592,0.00187841867012417
"130",0.332499730608322,0.0820524574669161,0,0.245,0.163,0.592,0.00187841867012417
"131",0.334123448608576,0.0782358288033867,0,0.245,0.163,0.592,0.00187841867012417
"132",0.348758997734834,0.0797062575312729,0,0.245,0.163,0.592,0.00187841867012417
"133",0.265682282018354,0.0869527722336112,0,0.245,0.163,0.592,0.00187841867012417
"134",0.290077224267802,0.0880833338678094,0,0.245,0.163,0.592,0.00187841867012417
"135",0.30563362378669,0.0914433412690914,0,0.245,0.163,0.592,0.00187841867012417
"136",0.280779994820405,0.0922881785838111,0,0.245,0.162,0.593,0.00187841867012417
"137",0.305144389405917,0.0834142385797863,0,0.245,0.162,0.593,0.00187841867012417
"138",0.290768017291343,0.0899275081318953,0,0.245,0.162,0.593,0.00187841867012417
"139",0.268973080684393,0.0897745647220534,0,0.245,0.162,0.593,0.00187841867012417
"140",0.280633740639468,0.0899132217142737,0,0.237,0.163,0.6,0.00187841867012417
"141",0.297495580054739,0.0893910933118542,0,0.237,0.163,0.6,0.00187841867012417
"142",0.267200123153089,0.0925761268123736,0,0.237,0.163,0.6,0.00187841867012417
"143",0.247271510069198,0.0984603479053343,0,0.24,0.165,0.595,0.00187841867012417
"144",0.343008136377014,0.0810757820059223,0,0.24,0.161,0.599,0.00187841867012417
"145",0.36312339913094,0.0803327961397157,0,0.24,0.161,0.599,0.00187841867012417
"146",0.290396513310103,0.0851049980839013,0,0.24,0.161,0.599,0.00187841867012417
"147",0.248260622981231,0.0994407401316728,0,0.24,0.161,0.599,0.00187841867012417
"148",0.320664902539534,0.0890097118966434,0,0.24,0.161,0.599,0.00187841867012417
"149",0.279298332720333,0.0918321307130659,0,0.24,0.161,0.599,0.00187841867012417
"150",0.291636941916128,0.088815491950146,0,0.24,0.161,0.599,0.00187841867012417
"151",0.272520120015219,0.0918677296813939,0,0.241,0.165,0.594,0.00187841867012417
"152",0.342581741063464,0.0797685570588978,0,0.241,0.165,0.594,0.00187841867012417
"153",0.334949497042122,0.0805080256216746,0,0.241,0.165,0.594,0.00187841867012417
"154",0.246686861394692,0.0976104101088155,0,0.241,0.165,0.594,0.00187841867012417
"155",0.2396562175243,0.0973018563742375,0,0.241,0.165,0.594,0.00187841867012417
"156",0.326220816259378,0.0884111144141438,0,0.241,0.165,0.594,0.00187841867012417
"157",0.250632258774597,0.0941626740984973,0,0.241,0.165,0.594,0.00187841867012417
"158",0.255971558828154,0.092838345344179,0,0.237,0.164,0.599,0.00187841867012417
"159",0.39066512464022,0.0793655778270145,0,0.237,0.164,0.599,0.00187841867012417
"160",0.315736258548559,0.086719218260863,0,0.237,0.164,0.599,0.00187841867012417
"161",0.301730982739293,0.0853750069551921,0,0.237,0.164,0.599,0.00187841867012417
"162",0.279977118107087,0.0847192007037436,0,0.237,0.164,0.599,0.00187841867012417
"163",0.294229372274161,0.088749510548701,0,0.237,0.164,0.599,0.00187841867012417
"164",0.282725663049032,0.089004482055923,0,0.239,0.165,0.596,0.00187841867012417
"165",0.284215585198722,0.0884749914149045,0,0.239,0.165,0.596,0.00187841867012417
"166",0.346923434166853,0.0848023008066829,0,0.239,0.165,0.596,0.00187841867012417
"167",0.261550791370007,0.0901560215489714,0,0.239,0.165,0.596,0.00187841867012417
"168",0.231600981572815,0.0970343279574221,0,0.239,0.165,0.596,0.00187841867012417
"169",0.212535477147853,0.0946384929284082,0,0.239,0.165,0.596,0.00187841867012417
"170",0.276370499168225,0.0915587520504847,0,0.244,0.161,0.595,0.00187841867012417
"171",0.330533493206745,0.0783935557865053,0,0.244,0.161,0.595,0.00187841867012417
"172",0.228679522579885,0.0942839305126005,0,0.244,0.161,0.595,0.00187841867012417
"173",0.284068148457156,0.0867011053381475,0,0.244,0.161,0.595,0.00187841867012417
"174",0.349649560687412,0.0818664008708497,0,0.242,0.165,0.593,0.00187841867012417
"175",0.324442549012264,0.081723523760449,0,0.242,0.165,0.593,0.00187841867012417
"176",0.357603547495109,0.0861572916302781,0,0.242,0.165,0.593,0.00187841867012417
"177",0.268217916030877,0.0838061752076193,0,0.242,0.165,0.593,0.00187841867012417
"178",0.281294339373984,0.0894642190763432,0,0.242,0.165,0.593,0.00187841867012417
"179",0.301474874686753,0.0989600614134649,0,0.239,0.161,0.6,0.00187841867012417
"180",0.33887649186312,0.0828248891658222,0,0.239,0.161,0.6,0.00187841867012417
"181",0.285379967764908,0.0906993766478022,0,0.238,0.165,0.597,0.00187841867012417
"182",0.310367044042323,0.0867405073861911,0,0.238,0.165,0.597,0.00187841867012417
"183",0.327216622157797,0.0851459585091654,0,0.238,0.165,0.597,0.00187841867012417
"184",0.286168017527244,0.0910940764415,0,0.238,0.165,0.597,0.00187841867012417
"185",0.312170997115031,0.0807784256690822,0,0.238,0.165,0.597,0.00187841867012417
"186",0.295880318496177,0.0929152534955459,0,0.238,0.165,0.597,0.00187841867012417
"187",0.254749483598596,0.0928526729686046,0,0.238,0.165,0.597,0.00187841867012417
"188",0.334880360285208,0.0827059045364312,0,0.238,0.165,0.597,0.00187841867012417
"189",0.319371646629228,0.0867822868738165,0,0.237,0.162,0.601,0.00187841867012417
"190",0.271168572840307,0.0949611258346919,0,0.237,0.162,0.601,0.00187841867012417
"191",0.330554644021138,0.0862238311098218,0,0.237,0.162,0.601,0.00187841867012417
"192",0.285547560804602,0.0857815610860653,0,0.237,0.162,0.601,0.00187841867012417
"193",0.269273981151522,0.0866187048624477,0,0.237,0.162,0.601,0.00187841867012417
"194",0.26965142767466,0.0842862782889579,0,0.245,0.164,0.591,0.00187841867012417
"195",0.359327076435929,0.0792625525005969,0,0.245,0.164,0.591,0.00187841867012417
"196",0.230716204362983,0.0893000597945491,0,0.245,0.164,0.591,0.00187841867012417
"197",0.318047542138747,0.0820809896289547,0,0.245,0.164,0.591,0.00187841867012417
"198",0.278688377425269,0.0905792205360569,0,0.245,0.164,0.591,0.00187841867012417
"199",0.289385266876558,0.0854948134887638,0,0.245,0.164,0.591,0.00187841867012417
"200",0.308584652995477,0.0838308060146552,0,0.245,0.164,0.591,0.00187841867012417
"201",0.286322677624802,0.0852498636927077,0,0.245,0.164,0.591,0.00187841867012417
"202",0.269112001175644,0.0887814223418637,0,0.243,0.165,0.592,0.00187841867012417
"203",0.269345992363369,0.0902327363817421,0,0.243,0.165,0.592,0.00187841867012417
"204",0.259865163286709,0.0901634073226925,0,0.243,0.165,0.592,0.00187841867012417
"205",0.277654127402912,0.0800751307393865,0,0.243,0.165,0.592,0.00187841867012417
"206",0.278449264573757,0.0903052452281962,0,0.243,0.165,0.592,0.00187841867012417
"207",0.344435229266553,0.0828203621036376,0,0.245,0.161,0.594,0.00187841867012417
"208",0.279549790273084,0.0906474008749052,0,0.245,0.161,0.594,0.00187841867012417
"209",0.302187599600484,0.0897549385506945,0,0.245,0.161,0.594,0.00187841867012417
"210",0.265618219047887,0.0889227322070267,0,0.245,0.161,0.594,0.00187841867012417
"211",0.331525697378762,0.0887410705166982,0,0.245,0.161,0.594,0.00187841867012417
"212",0.313058352246543,0.0821475089895996,0,0.245,0.161,0.594,0.00187841867012417
"213",0.349065463792083,0.0843387570215489,0,0.245,0.161,0.594,0.00187841867012417
"214",0.30618164904473,0.0853874825114164,0,0.246,0.162,0.592,0.00187841867012417
"215",0.28307802426215,0.0858585607184205,0,0.246,0.162,0.592,0.00187841867012417
"216",0.255895145907012,0.0860900859058703,0,0.246,0.162,0.592,0.00187841867012417
"217",0.319122553927095,0.078381097845362,0,0.246,0.163,0.591,0.00187841867012417
"218",0.292470042361204,0.0859937670657507,0,0.246,0.163,0.591,0.00187841867012417
"219",0.225333728423578,0.089483730152486,0,0.246,0.163,0.591,0.00187841867012417
"220",0.248996014819013,0.095475834733145,0,0.246,0.163,0.591,0.00187841867012417
"221",0.316941384862044,0.0844565276377605,0,0.246,0.163,0.591,0.00187841867012417
"222",0.249483677852904,0.097907734533109,0,0.246,0.163,0.591,0.00187841867012417
"223",0.289219262775217,0.083541265304036,0,0.236,0.163,0.601,0.00187841867012417
"224",0.295119699191847,0.0891207122932354,0,0.236,0.163,0.601,0.00187841867012417
"225",0.323840188063113,0.0843997459429504,0,0.236,0.163,0.601,0.00187841867012417
"226",0.281587243763497,0.0893441660182305,0,0.236,0.163,0.601,0.00187841867012417
"227",0.250184709778977,0.0932562576273434,0,0.236,0.164,0.6,0.00187841867012417
"228",0.23445008081411,0.0967572979861599,0,0.236,0.164,0.6,0.00187841867012417
"229",0.230110747816604,0.0985233209399587,0,0.236,0.164,0.6,0.00187841867012417
"230",0.211722068402877,0.101669648234667,0,0.236,0.164,0.6,0.00187841867012417
"231",0.307657098417263,0.0836066748841712,0,0.236,0.164,0.6,0.00187841867012417
"232",0.244135140965877,0.0911195096849305,0,0.236,0.164,0.6,0.00187841867012417
"233",0.227909149449885,0.0991601140089799,0,0.236,0.164,0.6,0.00187841867012417
"234",0.275077490959967,0.0921002524433091,0,0.236,0.164,0.6,0.00187841867012417
"235",0.277098829996892,0.0929289898635915,0,0.236,0.164,0.6,0.00187841867012417
"236",0.296926745004457,0.0862536148973395,0,0.237,0.165,0.598,0.00187841867012417
"237",0.291223797778557,0.0803160215438507,0,0.237,0.165,0.598,0.00187841867012417
"238",0.240315602809785,0.09698777791938,0,0.237,0.165,0.598,0.00187841867012417
"239",0.292687780476834,0.0876609957999462,0,0.237,0.165,0.598,0.00187841867012417
"240",0.352668804879308,0.0800118543723975,0,0.237,0.165,0.598,0.00187841867012417
"241",0.208271974513509,0.0966835213488622,0,0.237,0.165,0.598,0.00187841867012417
"242",0.29606712429389,0.0865352336085735,0,0.237,0.165,0.598,0.00187841867012417
"243",0.283450815483464,0.0924544069717563,0,0.237,0.165,0.598,0.00187841867012417
"244",0.326999410164171,0.0846337226770241,0,0.238,0.161,0.601,0.00187841867012417
"245",0.300621161304176,0.0910525604227105,0,0.238,0.161,0.601,0.00187841867012417
"246",0.203354527907428,0.0998519644995509,0,0.238,0.161,0.601,0.00187841867012417
"247",0.302178350284229,0.0892334649031012,0,0.238,0.161,0.601,0.00187841867012417
"248",0.293398145704212,0.0838303503468886,0,0.238,0.161,0.601,0.00187841867012417
"249",0.306767667085299,0.0801560149615276,0,0.238,0.161,0.601,0.00187841867012417
"250",0.322724952557764,0.0876846681685053,0,0.238,0.161,0.601,0.00187841867012417
"251",0.316263680951775,0.0823362327689467,0,0.238,0.161,0.601,0.00187841867012417
"252",0.324483676024241,0.0851067877890202,0,0.244,0.165,0.591,0.00187841867012417
"253",0.263660938671935,0.0880520158304047,0,0.244,0.165,0.591,0.00187841867012417
"254",0.29396907603151,0.089373262497693,0,0.244,0.165,0.591,0.00187841867012417
"255",0.260550487612919,0.0917253725520994,0,0.244,0.165,0.591,0.00187841867012417
"256",0.270760244686496,0.0865004042699209,0,0.244,0.165,0.591,0.00187841867012417
"257",0.326537409670849,0.0794857541504177,0,0.242,0.16,0.598,0.00187841867012417
"258",0.311909991371214,0.0879830561285169,0,0.242,0.16,0.598,0.00187841867012417
"259",0.228270293007611,0.089200395849794,0,0.242,0.16,0.598,0.00187841867012417
"260",0.240506493631127,0.0986924213272894,0,0.242,0.16,0.598,0.00187841867012417
"261",0.25332550680464,0.0991285966701926,0,0.246,0.161,0.593,0.00187841867012417
"262",0.269396648954204,0.0909850864751542,0,0.246,0.161,0.593,0.00187841867012417
"263",0.302946229495944,0.0843485928104468,0,0.246,0.161,0.593,0.00187841867012417
"264",0.304329493445892,0.0831378746417433,0,0.246,0.161,0.593,0.00187841867012417
"265",0.219826760735374,0.100047964663788,0,0.246,0.161,0.593,0.00187841867012417
"266",0.254580732410578,0.0917145938980903,0,0.246,0.161,0.593,0.00187841867012417
"267",0.26524736489849,0.0889341850260296,0,0.246,0.161,0.593,0.00187841867012417
"268",0.36362801926848,0.0798692946120131,0,0.236,0.162,0.602,0.00187841867012417
"269",0.229412202045634,0.097742926720616,0,0.236,0.162,0.602,0.00187841867012417
"270",0.275072271157013,0.0951025549393691,0,0.236,0.162,0.602,0.00187841867012417
"271",0.254815989570311,0.0976471090567617,0,0.236,0.162,0.602,0.00187841867012417
"272",0.318103155779513,0.0823230431450704,0,0.236,0.162,0.602,0.00187841867012417
"273",0.286566361689759,0.0921392255772711,0,0.236,0.162,0.602,0.00187841867012417
"274",0.288241601468984,0.0879223716423078,0,0.236,0.162,0.602,0.00187841867012417
"275",0.342327357464096,0.0765561464501509,0,0.236,0.162,0.602,0.00187841867012417
"276",0.35083773195052,0.0864131252338818,0,0.243,0.16,0.597,0.00187841867012417
"277",0.296837721206763,0.0910649125378111,0,0.243,0.16,0.597,0.00187841867012417
"278",0.331430305490688,0.0861266505063627,0,0.243,0.16,0.597,0.00187841867012417
"279",0.345142003977976,0.0822050827089254,0,0.243,0.16,0.597,0.00187841867012417
"280",0.369313227960287,0.0815064551137263,0,0.243,0.16,0.597,0.00187841867012417
"281",0.318967656746107,0.0911024671537866,0,0.243,0.16,0.597,0.00187841867012417
"282",0.268952999251926,0.0964033879033295,0,0.243,0.16,0.597,0.00187841867012417
"283",0.328662638164987,0.0759575900098778,0,0.241,0.16,0.599,0.00187841867012417
"284",0.355654059248867,0.0859529933355963,0,0.241,0.16,0.599,0.00187841867012417
"285",0.359607127396002,0.0803619776635272,0,0.241,0.16,0.599,0.00187841867012417
"286",0.289864850369092,0.0806836915626963,0,0.241,0.16,0.599,0.00187841867012417
"287",0.29987265880167,0.0859854343371086,0,0.241,0.16,0.599,0.00187841867012417
"288",0.326942793216467,0.0771501221934886,0,0.241,0.16,0.599,0.00187841867012417
"289",0.368926222981212,0.0773602855445046,0,0.246,0.164,0.59,0.00187841867012417
"290",0.340931752397167,0.078001616547891,0,0.246,0.164,0.59,0.00187841867012417
"291",0.251364614620629,0.0933345383237552,0,0.246,0.164,0.59,0.00187841867012417
"292",0.320715459477345,0.0822794222201809,0,0.246,0.164,0.59,0.00187841867012417
"293",0.324745735472584,0.0841076235685057,0,0.246,0.164,0.59,0.00187841867012417
"294",0.305480507360772,0.0816315482078783,0,0.246,0.164,0.59,0.00187841867012417
"295",0.281748249515274,0.0866016327761144,0,0.246,0.164,0.59,0.00187841867012417
"296",0.301366747042553,0.0854532163196414,0,0.246,0.164,0.59,0.00187841867012417
"297",0.322608240371377,0.0809968088596815,0,0.246,0.164,0.59,0.00187841867012417
"298",0.283693563388279,0.089148397492983,0,0.247,0.162,0.591,0.00187841867012417
"299",0.361122257884141,0.0823154987098976,0,0.247,0.162,0.591,0.00187841867012417
"300",0.288447395203931,0.0878327243127748,0,0.247,0.162,0.591,0.00187841867012417
"301",0.251049340078526,0.0896436610775647,0,0.247,0.162,0.591,0.00187841867012417
"302",0.25300722076887,0.092004426123826,0,0.236,0.165,0.599,0.00187841867012417
"303",0.272963941000364,0.0904425638070584,0,0.236,0.165,0.599,0.00187841867012417
"304",0.308441503393158,0.0889297131267204,0,0.236,0.165,0.599,0.00187841867012417
"305",0.316295037846846,0.0887005255179017,0,0.236,0.165,0.599,0.00187841867012417
"306",0.184953869774101,0.10552519491088,0,0.236,0.165,0.599,0.00187841867012417
"307",0.306531965834852,0.0862497490721603,0,0.236,0.165,0.599,0.00187841867012417
"308",0.255932171766568,0.0939625418521257,0,0.236,0.165,0.599,0.00187841867012417
"309",0.385270433964964,0.0699153088312895,0,0.244,0.16,0.596,0.00187841867012417
"310",0.288593819955123,0.0938700208106454,0,0.244,0.16,0.596,0.00187841867012417
"311",0.333388627024488,0.0816040287033045,0,0.244,0.16,0.596,0.00187841867012417
"312",0.268892880937396,0.0878124885712199,0,0.244,0.16,0.596,0.00187841867012417
"313",0.274963687649999,0.0981829515276208,0,0.244,0.16,0.596,0.00187841867012417
"314",0.368094718417202,0.0730205742906291,0,0.244,0.16,0.596,0.00187841867012417
"315",0.288045870993137,0.0901543522019436,0,0.244,0.16,0.596,0.00187841867012417
"316",0.284935479494892,0.0889932622870225,0,0.24,0.166,0.594,0.00187841867012417
"317",0.31129026062094,0.0818761570487348,0,0.24,0.166,0.594,0.00187841867012417
"318",0.301589755524518,0.0875460898889375,0,0.24,0.166,0.594,0.00187841867012417
"319",0.3001461270133,0.0879971704335725,0,0.24,0.166,0.594,0.00187841867012417
"320",0.269340123073194,0.0895503822904751,0,0.247,0.163,0.59,0.00187841867012417
"321",0.330762787147709,0.0822873697346813,0,0.247,0.163,0.59,0.00187841867012417
"322",0.223646196173858,0.0997068241797286,0,0.247,0.163,0.59,0.00187841867012417
"323",0.219482754791538,0.0951274229046869,0,0.247,0.163,0.59,0.00187841867012417
"324",0.322540897383078,0.0789638621420682,0,0.247,0.163,0.59,0.00187841867012417
"325",0.288598336418623,0.0919078996653191,0,0.247,0.163,0.59,0.00187841867012417
"326",0.332348900668093,0.0806556003095406,0,0.247,0.163,0.59,0.00187841867012417
"327",0.298917399114335,0.0877641213821138,0,0.24,0.16,0.6,0.00187841867012417
"328",0.33715292042426,0.0824075259891639,0,0.24,0.16,0.6,0.00187841867012417
"329",0.327112878389457,0.0894588954782948,0,0.24,0.16,0.6,0.00187841867012417
"330",0.281024262584261,0.0909256889378467,0,0.24,0.16,0.6,0.00187841867012417
"331",0.336005718994639,0.0853507431078241,0,0.24,0.16,0.6,0.00187841867012417
"332",0.377592184503978,0.0821988184665046,0,0.24,0.16,0.6,0.00187841867012417
"333",0.313859062162422,0.0874986296938841,0,0.24,0.16,0.6,0.00187841867012417
"334",0.262102914187869,0.0951192137815126,0,0.24,0.16,0.6,0.00187841867012417
"335",0.347051496084335,0.073537954200019,0,0.237,0.161,0.602,0.00187841867012417
"336",0.350589226311111,0.0862250291271554,0,0.237,0.161,0.602,0.00187841867012417
"337",0.304555581933091,0.0842086783921439,0,0.237,0.161,0.602,0.00187841867012417
"338",0.369271216869311,0.0753108448376593,0,0.237,0.161,0.602,0.00187841867012417
"339",0.213425189778689,0.0982851541040788,0,0.237,0.161,0.602,0.00187841867012417
"340",0.290221459153091,0.0898022829322356,0,0.237,0.161,0.602,0.00187841867012417
"341",0.350290919987451,0.0808201752943085,0,0.237,0.161,0.602,0.00187841867012417
"342",0.254593950890835,0.0910044859287994,0,0.237,0.161,0.602,0.00187841867012417
"343",0.297563984973054,0.0929468706893622,0,0.235,0.163,0.602,0.00187841867012417
"344",0.241778923897514,0.0956441084905821,0,0.235,0.163,0.602,0.00187841867012417
"345",0.225326972166742,0.095944416486327,0,0.235,0.163,0.602,0.00187841867012417
"346",0.288795977731509,0.0944212734631882,0,0.235,0.164,0.601,0.00187841867012417
"347",0.290561407887225,0.0877105679364486,0,0.235,0.164,0.601,0.00187841867012417
"348",0.330502794446774,0.0883661990858222,0,0.235,0.164,0.601,0.00187841867012417
"349",0.290396340826925,0.0945975355589533,0,0.235,0.164,0.601,0.00187841867012417
"350",0.283532858152923,0.0875270501251035,0,0.235,0.164,0.601,0.00187841867012417
"351",0.254956211495474,0.0933990217583074,0,0.235,0.164,0.601,0.00187841867012417
"352",0.27038708732532,0.0897468122438178,0,0.239,0.166,0.595,0.00187841867012417
"353",0.274953775849779,0.0945086971837207,0,0.239,0.166,0.595,0.00187841867012417
"354",0.321113574894311,0.0818375750192214,0,0.239,0.166,0.595,0.00187841867012417
"355",0.269942664511533,0.0850675563889687,0,0.239,0.166,0.595,0.00187841867012417
"356",0.306714026576301,0.0837091926848033,0,0.239,0.166,0.595,0.00187841867012417
"357",0.269454784848252,0.0903999451505301,0,0.239,0.166,0.595,0.00187841867012417
"358",0.282737864730745,0.0862292697482063,0,0.239,0.166,0.595,0.00187841867012417
"359",0.319214821555768,0.0813180951529802,0,0.239,0.166,0.595,0.00187841867012417
"360",0.259997163672784,0.0902346509305469,0,0.241,0.166,0.593,0.00187841867012417
"361",0.278356768929136,0.0881138239764425,0,0.241,0.166,0.593,0.00187841867012417
"362",0.299001470503068,0.0889524910322021,0,0.241,0.166,0.593,0.00187841867012417
"363",0.272539071452577,0.0934612117130953,0,0.241,0.166,0.593,0.00187841867012417
"364",0.250859916506356,0.102951328871734,0,0.245,0.165,0.59,0.00187841867012417
"365",0.238738078136371,0.0950911508211905,0,0.245,0.165,0.59,0.00187841867012417
"366",0.26113529093468,0.0867666499191942,0,0.245,0.165,0.59,0.00187841867012417
"367",0.284945923415535,0.0903505565997773,0,0.245,0.165,0.59,0.00187841867012417
"368",0.280727830762989,0.0941513116936198,0,0.245,0.165,0.59,0.00187841867012417
"369",0.295286019899594,0.0882744207963013,0,0.245,0.165,0.59,0.00187841867012417
"370",0.306013748241807,0.0837031348020314,0,0.245,0.165,0.59,0.00187841867012417
"371",0.317253673047404,0.0875162547557006,0,0.245,0.165,0.59,0.00187841867012417
"372",0.309714683302875,0.0881600056473602,0,0.245,0.165,0.59,0.00187841867012417
"373",0.315939626947075,0.0805144129391647,0,0.238,0.166,0.596,0.00187841867012417
"374",0.298085769685943,0.0870034810459541,0,0.238,0.166,0.596,0.00187841867012417
"375",0.289130466029962,0.0935512064203711,0,0.238,0.166,0.596,0.00187841867012417
"376",0.314275060849554,0.0877042712114195,0,0.245,0.16,0.595,0.00187841867012417
"377",0.338359349652112,0.0788114514538038,0,0.245,0.16,0.595,0.00187841867012417
"378",0.216272353060133,0.1021461701904,0,0.242,0.166,0.592,0.00187841867012417
"379",0.253135824443125,0.0926712337299071,0,0.242,0.166,0.592,0.00187841867012417
"380",0.244458720010756,0.0919785849948253,0,0.242,0.166,0.592,0.00187841867012417
"381",0.307839891786093,0.0864804268641897,0,0.242,0.166,0.592,0.00187841867012417
"382",0.243241931405752,0.0913206474969614,0,0.242,0.166,0.592,0.00187841867012417
"383",0.303127487938789,0.0860568423703098,0,0.247,0.161,0.592,0.00187841867012417
"384",0.311075882767722,0.0823110896786302,0,0.247,0.161,0.592,0.00187841867012417
"385",0.31471006081836,0.088998231004985,0,0.247,0.161,0.592,0.00187841867012417
"386",0.3380608137515,0.075312325040791,0,0.247,0.161,0.592,0.00187841867012417
"387",0.322980144216311,0.0802258893212937,0,0.239,0.16,0.601,0.00187841867012417
"388",0.3003483167662,0.0863866932185108,0,0.239,0.16,0.601,0.00187841867012417
"389",0.298207916911631,0.0892650392229658,0,0.239,0.16,0.601,0.00187841867012417
"390",0.237868087458162,0.0975307398715489,0,0.239,0.16,0.601,0.00187841867012417
"391",0.269333986588945,0.0940603266091521,0,0.235,0.162,0.603,0.00187841867012417
"392",0.176265770487428,0.10491617088037,0,0.235,0.162,0.603,0.00187841867012417
"393",0.225714539527695,0.100363456987714,0,0.235,0.162,0.603,0.00187841867012417
"394",0.32462048477502,0.0864897824346074,0,0.235,0.162,0.603,0.00187841867012417
"395",0.2766469981957,0.0891149043822231,0,0.235,0.162,0.603,0.00187841867012417
"396",0.242151124565255,0.0908415537559868,0,0.235,0.165,0.6,0.00187841867012417
"397",0.282108803858046,0.0966308154824267,0,0.235,0.165,0.6,0.00187841867012417
"398",0.247676099284956,0.0955000148073167,0,0.235,0.165,0.6,0.00187841867012417
"399",0.284727549218051,0.0791511745473746,0,0.237,0.166,0.597,0.00187841867012417
"400",0.290323337962244,0.0848102209166712,0,0.237,0.166,0.597,0.00187841867012417
"401",0.263430441847766,0.0961443071697411,0,0.237,0.166,0.597,0.00187841867012417
"402",0.30539661886873,0.0800877856133862,0,0.237,0.166,0.597,0.00187841867012417
"403",0.28656609015194,0.0871582304904755,0,0.237,0.166,0.597,0.00187841867012417
"404",0.317724168746864,0.0868646061040847,0,0.237,0.166,0.597,0.00187841867012417
"405",0.289360030747592,0.0921073996353215,0,0.247,0.164,0.589,0.00187841867012417
"406",0.317715914132288,0.0796992378188694,0,0.247,0.164,0.589,0.00187841867012417
"407",0.29121538774417,0.0851340378940571,0,0.247,0.164,0.589,0.00187841867012417
"408",0.248161545984055,0.0921395108156956,0,0.247,0.164,0.589,0.00187841867012417
"409",0.289852538663678,0.0914772041889054,0,0.247,0.164,0.589,0.00187841867012417
"410",0.250310268635812,0.0933412311670588,0,0.243,0.166,0.591,0.00187841867012417
"411",0.271317437372556,0.0873248583733538,0,0.243,0.166,0.591,0.00187841867012417
"412",0.297039163846037,0.0781960834542915,0,0.243,0.166,0.591,0.00187841867012417
"413",0.194083336242242,0.0943271757366031,0,0.243,0.166,0.591,0.00187841867012417
"414",0.251923131247175,0.0951090445966715,0,0.243,0.166,0.591,0.00187841867012417
"415",0.310698925827094,0.0800230368981944,0,0.243,0.166,0.591,0.00187841867012417
"416",0.297469013307093,0.0841460184585219,0,0.243,0.166,0.591,0.00187841867012417
"417",0.260887334633368,0.0932877682204984,0,0.243,0.166,0.591,0.00187841867012417
"418",0.246145583468007,0.092456027036357,0,0.243,0.166,0.591,0.00187841867012417
"419",0.325532143970335,0.0812613647696028,0,0.246,0.16,0.594,0.00187841867012417
"420",0.330059864901394,0.0812893931521737,0,0.246,0.16,0.594,0.00187841867012417
"421",0.307837591697335,0.0836910757621253,0,0.246,0.16,0.594,0.00187841867012417
"422",0.300376212802722,0.0859670658911841,0,0.246,0.16,0.594,0.00187841867012417
"423",0.355079341971189,0.0839709315993338,0,0.246,0.16,0.594,0.00187841867012417
"424",0.362319403432072,0.0855352306505634,0,0.236,0.161,0.603,0.00187841867012417
"425",0.349477873630244,0.0866762809392545,0,0.236,0.161,0.603,0.00187841867012417
"426",0.351420052408742,0.0853947788242329,0,0.236,0.161,0.603,0.00187841867012417
"427",0.242929071429218,0.097719101557485,0,0.236,0.161,0.603,0.00187841867012417
"428",0.216158877494102,0.0978737107551312,0,0.236,0.161,0.603,0.00187841867012417
"429",0.372696200233896,0.0748745563786634,0,0.236,0.161,0.603,0.00187841867012417
"430",0.239402191606899,0.0951662132382478,0,0.236,0.161,0.603,0.00187841867012417
"431",0.301868111559273,0.083991058614264,0,0.248,0.162,0.59,0.00187841867012417
"432",0.233218075681554,0.0984243356118964,0,0.248,0.162,0.59,0.00187841867012417
"433",0.303142077115131,0.0850629502557917,0,0.248,0.162,0.59,0.00187841867012417
"434",0.32064990371719,0.0875004330497692,0,0.248,0.162,0.59,0.00187841867012417
"435",0.364169185624235,0.0812393596046519,0,0.248,0.162,0.59,0.00187841867012417
"436",0.34408577425969,0.0812399627725468,0,0.238,0.16,0.602,0.00187841867012417
"437",0.28512982754089,0.0873216961322756,0,0.238,0.16,0.602,0.00187841867012417
"438",0.344549196198662,0.0805081986311835,0,0.238,0.16,0.602,0.00187841867012417
"439",0.262181885469407,0.0949200821619809,0,0.238,0.16,0.602,0.00187841867012417
"440",0.3117839630129,0.0822479160065748,0,0.238,0.16,0.602,0.00187841867012417
"441",0.337334828149023,0.0817377895470266,0,0.238,0.16,0.602,0.00187841867012417
"442",0.36659325520434,0.0771950336199902,0,0.238,0.16,0.602,0.00187841867012417
"443",0.275884780296334,0.0914772459910303,0,0.238,0.16,0.602,0.00187841867012417
"444",0.302626702036018,0.089704164526975,0,0.238,0.16,0.602,0.00187841867012417
"445",0.351456502165496,0.0800697811772404,0,0.238,0.16,0.602,0.00187841867012417
"446",0.309223343857433,0.0878034560993471,0,0.234,0.164,0.602,0.00187841867012417
"447",0.330348153108621,0.0833658833504112,0,0.234,0.164,0.602,0.00187841867012417
"448",0.267191627583863,0.0959726961347426,0,0.234,0.164,0.602,0.00187841867012417
"449",0.338551625342557,0.0848584591379396,0,0.248,0.163,0.589,0.00187841867012417
"450",0.239861689439447,0.0965803154731014,0,0.248,0.163,0.589,0.00187841867012417
"451",0.270392611343491,0.0908840186886145,0,0.248,0.163,0.589,0.00187841867012417
"452",0.316905862749055,0.0890417491460509,0,0.248,0.163,0.589,0.00187841867012417
"453",0.284400563510077,0.0879828206227196,0,0.248,0.163,0.589,0.00187841867012417
"454",0.261006104560058,0.0923431700845088,0,0.248,0.163,0.589,0.00187841867012417
"455",0.339472059403364,0.0886004205076953,0,0.248,0.163,0.589,0.00187841867012417
"456",0.284219234605537,0.0923816882273835,0,0.248,0.163,0.589,0.00187841867012417
"457",0.355616219793734,0.0788477755792145,0,0.248,0.163,0.589,0.00187841867012417
"458",0.280864191176505,0.0853265299121075,0,0.248,0.163,0.589,0.00187841867012417
"459",0.288531968714659,0.0835042814727268,0,0.248,0.163,0.589,0.00187841867012417
"460",0.244626563135244,0.098444435429205,0,0.248,0.163,0.589,0.00187841867012417
"461",0.296689720692801,0.080986896126402,0,0.248,0.163,0.589,0.00187841867012417
"462",0.299398764923239,0.0858343243695734,0,0.234,0.163,0.603,0.00187841867012417
"463",0.305430996027054,0.0912189792394818,0,0.234,0.163,0.603,0.00187841867012417
"464",0.296229187058421,0.0870106679862283,0,0.234,0.163,0.603,0.00187841867012417
"465",0.323278873146609,0.0774403811155532,0,0.234,0.163,0.603,0.00187841867012417
"466",0.280645620983028,0.0926357204448604,0,0.234,0.163,0.603,0.00187841867012417
"467",0.273360580082386,0.0793811011862767,0,0.246,0.165,0.589,0.00187841867012417
"468",0.304790231248947,0.0871839963485948,0,0.246,0.165,0.589,0.00187841867012417
"469",0.288220920208513,0.0855899849800337,0,0.246,0.165,0.589,0.00187841867012417
"470",0.293770997707702,0.0856327839065372,0,0.246,0.165,0.589,0.00187841867012417
"471",0.286902840565676,0.0884281867879354,0,0.246,0.165,0.589,0.00187841867012417
"472",0.195576544463985,0.100339074196428,0,0.236,0.166,0.598,0.00187841867012417
"473",0.342635531129319,0.0882512951370416,0,0.236,0.166,0.598,0.00187841867012417
"474",0.309467667852824,0.0856696878965997,0,0.236,0.166,0.598,0.00187841867012417
"475",0.172187097517831,0.102946170736729,0,0.236,0.166,0.598,0.00187841867012417
"476",0.249557747981756,0.0955276855474088,0,0.236,0.166,0.598,0.00187841867012417
"477",0.281167475790425,0.0955409246235435,0,0.236,0.166,0.598,0.00187841867012417
"478",0.267581675581592,0.0932118600638376,0,0.236,0.166,0.598,0.00187841867012417
"479",0.322067746881632,0.0905184838135908,0,0.236,0.166,0.598,0.00187841867012417
"480",0.277531877208075,0.08900116820334,0,0.248,0.161,0.591,0.00187841867012417
"481",0.27309795640143,0.0836728292721491,0,0.248,0.161,0.591,0.00187841867012417
"482",0.267141207154065,0.0815651091418368,0,0.248,0.161,0.591,0.00187841867012417
"483",0.25427732823211,0.0976148989791586,0,0.248,0.161,0.591,0.00187841867012417
"484",0.31995102991664,0.0879011085983534,0,0.248,0.161,0.591,0.00187841867012417
"485",0.312167057540437,0.0808719814546171,0,0.248,0.161,0.591,0.00187841867012417
"486",0.331173049110478,0.0789549123945038,0,0.248,0.161,0.591,0.00187841867012417
"487",0.228168923037762,0.0947603978777857,0,0.244,0.166,0.59,0.00187841867012417
"488",0.312928832748499,0.085084786611784,0,0.244,0.166,0.59,0.00187841867012417
"489",0.349710864440108,0.0817333631825411,0,0.244,0.166,0.59,0.00187841867012417
"490",0.325145480250977,0.0881503139012678,0,0.244,0.166,0.59,0.00187841867012417
"491",0.317912573014123,0.0849871728669922,0,0.244,0.166,0.59,0.00187841867012417
"492",0.31774136480862,0.0806459575853417,0,0.244,0.166,0.59,0.00187841867012417
"493",0.335832779350728,0.0799358432009063,0,0.244,0.166,0.59,0.00187841867012417
"494",0.276110801353296,0.0834639236190643,0,0.247,0.16,0.593,0.00187841867012417
"495",0.362733355486053,0.0748833721599067,0,0.247,0.16,0.593,0.00187841867012417
"496",0.258105509333526,0.0912844337259343,0,0.247,0.16,0.593,0.00187841867012417
"497",0.344157811405151,0.0823684869335251,0,0.247,0.16,0.593,0.00187841867012417
"498",0.339658710800398,0.0843297055485291,0,0.247,0.16,0.593,0.00187841867012417
"499",0.27920493270161,0.0903462496466063,0,0.247,0.16,0.593,0.00187841867012417
"500",0.28821462627688,0.0845698972541803,0,0.247,0.16,0.593,0.00187841867012417
"501",0.294087407666662,0.0880792599838837,0,0.234,0.165,0.601,0.00187841867012417
"502",0.343733021347966,0.0889294924203145,0,0.234,0.165,0.601,0.00187841867012417
"503",0.281555909930004,0.0952116299918589,0,0.234,0.165,0.601,0.00187841867012417
"504",0.321149937188185,0.0909339386188781,0,0.234,0.165,0.601,0.00187841867012417
"505",0.313324208334605,0.0890113432921903,0,0.234,0.165,0.601,0.00187841867012417
"506",0.217464377340086,0.097680791267892,0,0.234,0.165,0.601,0.00187841867012417
"507",0.259629813047291,0.0949307235744788,0,0.234,0.165,0.601,0.00187841867012417
"508",0.287279390210233,0.0871475740668606,0,0.242,0.159,0.599,0.00187841867012417
"509",0.327928987422934,0.0810695720671099,0,0.242,0.159,0.599,0.00187841867012417
"510",0.231422308303094,0.0982664602635138,0,0.242,0.159,0.599,0.00187841867012417
"511",0.349603391169423,0.0763916554773099,0,0.242,0.159,0.599,0.00187841867012417
"512",0.271956489601541,0.0911393687566438,0,0.242,0.159,0.599,0.00187841867012417
"513",0.353428159615847,0.0769396525346707,0,0.242,0.159,0.599,0.00187841867012417
"514",0.340158291575879,0.0836480141974216,0,0.242,0.159,0.599,0.00187841867012417
"515",0.259785364676626,0.0880010172714356,0,0.242,0.159,0.599,0.00187841867012417
"516",0.288947880006806,0.093426092773859,0,0.242,0.159,0.599,0.00187841867012417
"517",0.371324420362027,0.0853810260677498,0,0.242,0.159,0.599,0.00187841867012417
"518",0.258941633034514,0.0864099237565342,0,0.242,0.159,0.599,0.00187841867012417
"519",0.263466472851816,0.0952430935012327,0,0.243,0.159,0.598,0.00187841867012417
"520",0.286703299068851,0.0860523074847096,0,0.243,0.159,0.598,0.00187841867012417
"521",0.374928146196753,0.0855219113960947,0,0.243,0.159,0.598,0.00187841867012417
"522",0.303137710912897,0.0833778604659172,0,0.243,0.159,0.598,0.00187841867012417
"523",0.26566628082386,0.0927463590714306,0,0.243,0.159,0.598,0.00187841867012417
"524",0.282417568525198,0.083034284124142,0,0.243,0.159,0.598,0.00187841867012417
"525",0.243704991684852,0.0917125618833207,0,0.243,0.159,0.598,0.00187841867012417
"526",0.335298842881188,0.0761239392353361,0,0.243,0.159,0.598,0.000510264163453131
"527",0.205999425225642,0.100691227070368,0,0.243,0.159,0.598,0.000722472386370207
"528",0.284548213074702,0.0876840390120719,0,0.243,0.159,0.598,0.000673457795841773
"529",0.38374573548424,0.073416943358078,0,0.234,0.162,0.604,0.000483868412029368
"530",0.31598721364572,0.0879975196606353,0,0.234,0.162,0.604,0.000737658733614711
"531",0.249823854406103,0.0971904673508052,0,0.234,0.162,0.604,7.30547726406964e-05
"532",0.25906650846573,0.0923826922240424,0,0.234,0.162,0.604,6.64533991094173e-05
"533",0.337796466103924,0.0842563274529034,0,0.234,0.162,0.604,7.3256930924134e-05
"534",0.376823075140544,0.0769288080927176,0,0.234,0.162,0.604,9.61902177975807e-05
"535",0.344012576574238,0.0816705949807793,0,0.237,0.16,0.603,6.77722229883687e-05
"536",0.317947985195476,0.0857495257229128,0,0.237,0.16,0.603,9.2331488479291e-05
"537",0.250420965250083,0.0921105568491489,0,0.237,0.16,0.603,8.96526792981739e-05
"538",0.243532299834994,0.0914190103698422,0,0.237,0.16,0.603,8.72678140372425e-05
"539",0.313297005295654,0.0877256671068231,0,0.237,0.16,0.603,6.90320357636164e-05
"540",0.263423137412417,0.0961636274603837,0,0.237,0.16,0.603,8.01814471317434e-05
"541",0.292614756971796,0.0938961011647341,0,0.237,0.16,0.603,8.84222552968659e-05
"542",0.33410402550997,0.0756720811838001,0,0.237,0.16,0.603,8.9110821859983e-05
"543",0.290707587753708,0.0935214219260993,0,0.248,0.164,0.588,7.31223438349335e-05
"544",0.325411103361951,0.0783792638231757,0,0.248,0.164,0.588,0.000112233801250171
"545",0.262709150058648,0.0899468844102618,0,0.248,0.164,0.588,6.85049009548506e-05
"546",0.209895202773143,0.0955483163089844,0,0.248,0.164,0.588,7.14537979044253e-05
"547",0.298352267710456,0.0889851533260996,0,0.241,0.159,0.6,9.59431313664262e-05
"548",0.28024683922333,0.0940096293561744,0,0.241,0.159,0.6,7.00328910605009e-05
"549",0.353807498704574,0.0777686631910143,0,0.241,0.159,0.6,6.69545034381307e-05
"550",0.306095399001769,0.0822748353692884,0,0.241,0.159,0.6,8.50156538529466e-05
"551",0.292418803713675,0.0902504515167099,0,0.241,0.159,0.6,7.57603075389547e-05
"552",0.304059854492785,0.0866791276964614,0,0.241,0.159,0.6,8.21728150945575e-05
"553",0.23958128195282,0.0941558913036339,0,0.241,0.159,0.6,0.000111937693543051
"554",0.312656071773023,0.0901840076542297,0,0.241,0.159,0.6,0.000110148752392047
"555",0.21925495693339,0.0939225507868768,0,0.244,0.159,0.597,6.97502569571098e-05
"556",0.35687930905556,0.0805360744605891,0,0.244,0.159,0.597,8.47933864302659e-05
"557",0.292895933934105,0.0877697603750495,0,0.244,0.159,0.597,7.86183387628908e-05
"558",0.352640745813777,0.0767645793666445,0,0.244,0.159,0.597,6.92751046355641e-05
"559",0.242643164111224,0.0929958180902975,0,0.244,0.159,0.597,8.3281580116804e-05
"560",0.361025062785323,0.0765342498614945,0,0.244,0.159,0.597,7.62825838194407e-05
"561",0.295013559116827,0.0873794081658112,0,0.244,0.159,0.597,7.4211082571252e-05
"562",0.266726526907979,0.0853312275219883,0,0.244,0.159,0.597,8.54719368061661e-05
"563",0.315544945246234,0.0859202254906809,0,0.244,0.159,0.597,7.72101021249496e-05
"564",0.305748029941508,0.0847494990784607,0,0.235,0.161,0.604,6.80348638248856e-05
"565",0.302137713287454,0.0916419574437634,0,0.235,0.161,0.604,3.45288055828351e-05
"566",0.308972907211893,0.090297836119927,0,0.235,0.161,0.604,3.59401621746244e-05
"567",0.337532068188307,0.085623630143645,0,0.235,0.161,0.604,4.17259717924296e-05
"568",0.285173997186693,0.0935094544201011,0,0.235,0.166,0.599,4.48627726427716e-05
"569",0.297270956917983,0.0913976612430542,0,0.235,0.166,0.599,3.48783465174987e-05
"570",0.268819427901555,0.0939893110607752,0,0.235,0.166,0.599,5.9484329885711e-05
"571",0.259455632566653,0.0894806131184237,0,0.235,0.166,0.599,3.73543565667498e-05
"572",0.276571070527853,0.0930193637760866,0,0.235,0.166,0.599,3.79707197548891e-05
"573",0.310812208434021,0.0824584084707198,0,0.235,0.166,0.599,4.72144464485435e-05
"574",0.242641318870879,0.101906904183006,0,0.235,0.166,0.599,4.73325130022816e-05
"575",0.308776754415974,0.0828285758452159,0,0.235,0.166,0.599,5.38588414695861e-05
"576",0.274679174895545,0.0882367584710554,0,0.235,0.166,0.599,4.5506187121855e-05
"577",0.320959256128157,0.0823494902085969,0,0.249,0.162,0.589,4.96928203979794e-05
"578",0.292639957691751,0.0827810010363434,0,0.249,0.162,0.589,4.94451017336532e-05
"579",0.266234468679536,0.0938223994802228,0,0.249,0.162,0.589,3.7027582159827e-05
"580",0.307865689443925,0.0838408278535443,0,0.249,0.162,0.589,6.00242769712346e-05
"581",0.291099365100442,0.0900558208601298,0,0.249,0.162,0.589,7.04352400563453e-05
"582",0.268014170518969,0.0879817104907841,0,0.249,0.162,0.589,3.67809404795164e-05
"583",0.351517947949659,0.0808632373730596,0,0.249,0.162,0.589,5.05167670238903e-05
"584",0.365002975731524,0.0794595443393023,0,0.247,0.165,0.588,3.52738815218404e-05
"585",0.257436603079791,0.0929382830929349,0,0.245,0.166,0.589,5.63042324449674e-05
"586",0.236317249984239,0.0927994073980935,0,0.245,0.166,0.589,5.97523486204801e-05
"587",0.315005319797166,0.0863161198816391,0,0.245,0.166,0.589,3.76737823917596e-05
"588",0.266051443958363,0.0930317708751351,0,0.245,0.166,0.589,7.39259994637167e-05
"589",0.353795056701665,0.0733973530196589,0,0.245,0.166,0.589,3.81924910329995e-05
"590",0.346445263884448,0.0769782547055148,0,0.233,0.164,0.603,4.26996428796697e-05
"591",0.183089139479949,0.103340830655067,0,0.233,0.164,0.603,3.5871572153475e-05
"592",0.301764075934497,0.0910682873132163,0,0.233,0.164,0.603,5.10111911651943e-05
"593",0.316475947578334,0.0772713979697003,0,0.233,0.164,0.603,3.43331728192841e-05
"594",0.263273132829,0.0922579203973578,0,0.233,0.164,0.603,5.51390735828895e-05
"595",0.301692317446168,0.0866420746589691,0,0.233,0.164,0.603,4.28360604050249e-05
"596",0.379848058450297,0.0766892200266711,0,0.233,0.164,0.603,5.25225090119349e-05
"597",0.296246380572112,0.0879740204600426,0,0.233,0.164,0.603,5.41988450137497e-05
"598",0.270661952569218,0.0915738585525761,0,0.233,0.164,0.603,3.50290217326401e-05
"599",0.339619091513096,0.0850984673030391,0,0.233,0.164,0.603,4.26685312952025e-05
"600",0.268994880261047,0.095728054011709,0,0.24,0.167,0.593,3.63146513723246e-05
"601",0.239841621511316,0.0971885150051952,0,0.24,0.167,0.593,5.18513346484848e-05
"602",0.293131808735822,0.0873010951908709,0,0.24,0.167,0.593,3.55095334996581e-05
"603",0.328903516056232,0.0833298985108781,0,0.24,0.167,0.593,3.44677365462749e-05
"604",0.236979057962227,0.0891390702878772,0,0.24,0.167,0.593,3.78036305595986e-05
"605",0.26633133873941,0.095738383063779,0,0.24,0.167,0.593,3.51905525643656e-05
"606",0.216000434332012,0.0971827407846982,0,0.24,0.167,0.593,3.79951128699834e-05
"607",0.355071941857867,0.0808576655810803,0,0.24,0.167,0.593,4.65985432121016e-05
"608",0.280437354474594,0.0889213439743418,0,0.24,0.159,0.601,6.75471428906264e-05
"609",0.362161675889522,0.0780928156507231,0,0.24,0.159,0.601,5.4575571512204e-05
"610",0.225909417397433,0.0950972159242185,0,0.24,0.159,0.601,4.00521621076455e-05
"611",0.314383478733479,0.0892254608294628,0,0.24,0.159,0.601,4.08939919916729e-05
"612",0.33158839831102,0.0894744792957426,0,0.239,0.167,0.594,3.65897607299695e-05
"613",0.322821091436792,0.0882409429114323,0,0.239,0.167,0.594,2.75144802154032e-05
"614",0.326233571489245,0.0854566701014652,0,0.239,0.167,0.594,3.16480706398652e-05
"615",0.366850921960265,0.0804617447858415,0,0.239,0.167,0.594,4.38758841284805e-05
"616",0.335664527298569,0.0871428401473003,0,0.239,0.167,0.594,2.31219042834836e-05
"617",0.301121085258091,0.0881190876817781,0,0.239,0.167,0.594,2.54247085378876e-05
"618",0.236102024504546,0.0929590845533821,0,0.245,0.159,0.596,2.51154883173366e-05
"619",0.245459762036528,0.094196080747654,0,0.245,0.159,0.596,2.73298524775547e-05
"620",0.276723839463967,0.0879641385189325,0,0.245,0.159,0.596,2.89973870787992e-05
"621",0.252558230012015,0.091161144054725,0,0.245,0.159,0.596,2.12148574112622e-05
"622",0.299680230895019,0.0867107718300722,0,0.245,0.159,0.596,4.04922767720229e-05
"623",0.287933350446638,0.0897130188167995,0,0.249,0.163,0.588,2.59229151433684e-05
"624",0.32905600614548,0.080978780562819,0,0.249,0.163,0.588,4.42860370196244e-05
"625",0.297080311564379,0.0812230241597183,0,0.249,0.163,0.588,3.45762273114611e-05
"626",0.337859434224496,0.0865032911488711,0,0.233,0.163,0.604,3.0821554641449e-05
"627",0.244180581441955,0.0931686987305035,0,0.241,0.167,0.592,2.27062518708147e-05
"628",0.312479054001165,0.0875105926326922,0,0.241,0.167,0.592,2.85599081446437e-05
"629",0.263651811399187,0.0912246003218618,0,0.241,0.167,0.592,2.11736249835701e-05
"630",0.302234043009741,0.0880316386054693,0,0.241,0.167,0.592,3.19778273179442e-05
"631",0.318806354149555,0.0884300402451518,0,0.238,0.167,0.595,2.95815211922739e-05
"632",0.277279495098234,0.0901918041340113,0,0.238,0.167,0.595,6.29482296642848e-05
"633",0.303135793833303,0.0895603344318247,0,0.238,0.167,0.595,2.47155154776396e-05
"634",0.297447672931744,0.0874017430329897,0,0.238,0.167,0.595,5.58419558943162e-05
"635",0.335745466582926,0.0832566370750614,0,0.248,0.16,0.592,2.2816779202985e-05
"636",0.287908311482283,0.0861384865823515,0,0.248,0.16,0.592,4.77611824979464e-05
"637",0.293583612182726,0.0867713373080365,0,0.248,0.16,0.592,2.24983398513515e-05
"638",0.326381563169037,0.0845102432428183,0,0.249,0.161,0.59,3.64758440351734e-05
"639",0.410210334168173,0.0745332675111752,0,0.249,0.161,0.59,2.56823132162711e-05
"640",0.243837811045052,0.0962706133769701,0,0.249,0.161,0.59,3.1161366347382e-05
"641",0.304885308274302,0.0818439134867029,0,0.249,0.161,0.59,5.83623753157461e-05
"642",0.284798781342175,0.0821244340109159,0,0.249,0.161,0.59,2.70145081203696e-05
"643",0.213350349364707,0.0952459257581001,0,0.242,0.167,0.591,3.53701584451981e-05
"644",0.324702354023815,0.0854563162064953,0,0.242,0.167,0.591,2.74471465380292e-05
"645",0.22067283114624,0.0955495121727248,0,0.242,0.167,0.591,2.4548195514588e-05
"646",0.280587892031886,0.0887899517474998,0,0.242,0.167,0.591,2.37171704402306e-05
"647",0.249435343053029,0.0939335275762096,0,0.242,0.167,0.591,2.12406452008377e-05
"648",0.283151880110289,0.0867624732339807,0,0.242,0.167,0.591,2.46267393831177e-05
"649",0.259505375814188,0.0888575330353908,0,0.242,0.167,0.591,2.42531306404056e-05
"650",0.230569919233487,0.0964362243522811,0,0.242,0.167,0.591,2.15903655155096e-05
"651",0.280855045579377,0.0903524235268305,0,0.236,0.16,0.604,2.14012898379884e-05
"652",0.256017577490211,0.0901631057448202,0,0.236,0.16,0.604,2.13250863753464e-05
"653",0.256193162341765,0.0939720852654532,0,0.236,0.16,0.604,2.20259831274546e-05
"654",0.370181023004211,0.0765818975751175,0,0.236,0.16,0.604,3.10479295913244e-05
"655",0.30061840201933,0.088028371082162,0,0.236,0.16,0.604,2.13778222580239e-05
"656",0.266370258313599,0.0950382560894719,0,0.236,0.16,0.604,2.62442425170399e-05
"657",0.308664406594264,0.0921842803045591,0,0.236,0.16,0.604,3.2253014643529e-05
"658",0.313867783105552,0.0894117333277359,0,0.236,0.16,0.604,2.08626642919049e-05
"659",0.326884998961097,0.0765252558918611,0,0.239,0.159,0.602,2.32382208887911e-05
"660",0.29143182441784,0.0921062595696819,0,0.239,0.159,0.602,2.55188048636752e-05
"661",0.266045503956254,0.0971250739462137,0,0.239,0.159,0.602,2.1486862742971e-05
"662",0.27623850667945,0.0892349352642859,0,0.239,0.159,0.602,2.51246287545546e-05
"663",0.274033074468218,0.0939069478795914,0,0.239,0.159,0.602,2.98400382397362e-05
"664",0.322301314796652,0.082784502152397,0,0.239,0.159,0.602,2.37909686785444e-05
"665",0.346499300692375,0.0874274459148896,0,0.239,0.159,0.602,2.21191932579526e-05
"666",0.345018224163882,0.077886555157002,0,0.246,0.159,0.595,2.12303674727046e-05
"667",0.315658864178127,0.0812374043400459,0,0.246,0.159,0.595,2.30859183836222e-05
"668",0.351304726115927,0.0790986258425903,0,0.246,0.159,0.595,3.91071581278557e-05
"669",0.289807765958567,0.0797671638275451,0,0.246,0.159,0.595,2.85629415930238e-05
"670",0.356004970373351,0.0793048748467642,0,0.246,0.159,0.595,2.86334240995353e-05
"671",0.335359738773062,0.082964250198685,0,0.246,0.159,0.595,2.9531758514708e-05
"672",0.253516968871888,0.0958484052053737,0,0.246,0.159,0.595,4.74021728764459e-05
"673",0.296467194756866,0.0843075359448248,0,0.246,0.159,0.595,2.37430622080613e-05
"674",0.35687923087341,0.0859370298982794,0,0.246,0.159,0.595,2.37698520050863e-05
"675",0.286847715451231,0.0920347835992813,0,0.237,0.167,0.596,5.54245000471781e-05
"676",0.337486356296011,0.0841738544602127,0,0.237,0.167,0.596,2.38509706174978e-05
"677",0.250025071170267,0.0907808436277461,0,0.237,0.167,0.596,4.38735410258803e-05
"678",0.18713722223896,0.0956544971539455,0,0.237,0.167,0.596,4.16708391926362e-05
"679",0.281956808083237,0.0934304982037933,0,0.237,0.167,0.596,3.704121518604e-05
"680",0.212367482679051,0.0976192747579072,0,0.237,0.167,0.596,2.8180484927444e-05
"681",0.235343563370027,0.0995314726974699,0,0.233,0.165,0.602,2.23972043856568e-05
"682",0.301528947397587,0.084572630737472,0,0.233,0.165,0.602,2.59391452402941e-05
"683",0.273253856241797,0.0957815108035966,0,0.233,0.165,0.602,2.26633193748912e-05
"684",0.280960360100811,0.0871521454369903,0,0.233,0.165,0.602,2.23094662857979e-05
"685",0.319081356829179,0.0773749322566506,0,0.234,0.166,0.6,2.39010807794981e-05
"686",0.284072869154369,0.0923706379583921,0,0.234,0.166,0.6,2.30685213223273e-05
"687",0.254133719894046,0.0902252850163017,0,0.234,0.166,0.6,2.21148153467729e-05
"688",0.302888375519616,0.0815183909467543,0,0.234,0.166,0.6,2.21364839014167e-05
"689",0.283024454423861,0.0856524927074634,0,0.234,0.166,0.6,2.04564958471289e-05
"690",0.23717872318877,0.0981052175877815,0,0.234,0.166,0.6,1.75917185374397e-05
"691",0.195563945072046,0.100199409765,0,0.234,0.166,0.6,2.39382025600296e-05
"692",0.259114361352375,0.0938311928357699,0,0.234,0.166,0.6,2.87000116258961e-05
"693",0.275645275062754,0.0875317226184499,0,0.246,0.166,0.588,1.88937053540475e-05
"694",0.289975984998086,0.0836658675289835,0,0.246,0.166,0.588,1.75896017933353e-05
"695",0.275787347515253,0.0913230249638801,0,0.246,0.166,0.588,1.49909652964745e-05
"696",0.2321982412646,0.0940351080432779,0,0.233,0.162,0.605,2.87585315916799e-05
"697",0.311571409035772,0.0886818122237389,0,0.233,0.162,0.605,1.76183706191903e-05
"698",0.248610698774433,0.0935937852591671,0,0.233,0.162,0.605,3.24096912949974e-05
"699",0.338740820253871,0.0830178598630645,0,0.233,0.162,0.605,1.47774263251505e-05
"700",0.311731382321261,0.0873746394162234,0,0.233,0.162,0.605,1.6683989578579e-05
"701",0.273988194765633,0.0884498429534283,0,0.234,0.161,0.605,1.52238354371037e-05
"702",0.260055487481683,0.0921943576861399,0,0.234,0.161,0.605,2.04101703378879e-05
"703",0.258645642551058,0.0847267355846041,0,0.249,0.164,0.587,2.6246521938207e-05
"704",0.296527460627655,0.0856087764781197,0,0.249,0.164,0.587,1.82006409188472e-05
"705",0.345662857483219,0.0783466153924847,0,0.249,0.164,0.587,2.26871178301482e-05
"706",0.297804582246386,0.0847194122305432,0,0.249,0.164,0.587,1.62839427430604e-05
"707",0.273607977483295,0.0876932590743722,0,0.249,0.164,0.587,2.16391935771983e-05
"708",0.235617501524001,0.0961349896996931,0,0.249,0.164,0.587,3.24282615034522e-05
"709",0.234435617889232,0.0939878940817306,0,0.249,0.164,0.587,1.64132995462495e-05
"710",0.227913570361792,0.0921978707781978,0,0.243,0.167,0.59,1.55605018688071e-05
"711",0.205290807222975,0.104414393633055,0,0.243,0.167,0.59,1.8585457104026e-05
"712",0.276061313771725,0.0900422353814999,0,0.243,0.167,0.59,1.71759633160709e-05
"713",0.335594332320069,0.079584443247915,0,0.243,0.167,0.59,1.43958060123584e-05
"714",0.300072087131538,0.0893408402376196,0,0.243,0.167,0.59,1.4742987824473e-05
"715",0.294055139089042,0.0868277003180202,0,0.243,0.167,0.59,1.51696162933326e-05
"716",0.303565817546807,0.0896906988565742,0,0.243,0.167,0.59,1.30926300198926e-05
"717",0.289865151093073,0.0875288687462447,0,0.236,0.167,0.597,1.13149658159561e-05
"718",0.305540618614653,0.0850108838945105,0,0.236,0.167,0.597,1.92315386636096e-05
"719",0.381808724848768,0.0771536215238074,0,0.236,0.167,0.597,1.92945504288672e-05
"720",0.193170188076235,0.0950311308204264,0,0.236,0.167,0.597,1.47300563974243e-05
"721",0.225218880375044,0.0973655309357743,0,0.236,0.167,0.597,1.28813062994961e-05
"722",0.296198511875306,0.0877179213551682,0,0.236,0.167,0.597,1.15277415428131e-05
"723",0.27921839263541,0.087713743233954,0,0.248,0.165,0.587,1.32583198467524e-05
"724",0.279485735707296,0.0813280570497466,0,0.248,0.165,0.587,1.49142952695284e-05
"725",0.206300502037333,0.100443653637348,0,0.238,0.159,0.603,3.42596899035881e-05
"726",0.350647421673629,0.0809756216626503,0,0.238,0.159,0.603,1.92109283267226e-05
"727",0.254987784734905,0.0926969108979986,0,0.238,0.159,0.603,1.17010425981499e-05
"728",0.308872767001033,0.0800076909021841,0,0.238,0.159,0.603,1.34424030723188e-05
"729",0.244479809784983,0.088182538155266,0,0.247,0.159,0.594,1.22703957410738e-05
"730",0.294891983941782,0.089217172223168,0,0.247,0.159,0.594,1.48379193528845e-05
"731",0.26867031422166,0.0875012322199596,0,0.247,0.159,0.594,1.36573768067386e-05
"732",0.366903620661988,0.0736884005228184,0,0.247,0.159,0.594,1.35950676369384e-05
"733",0.37331091765982,0.0801786636678578,0,0.247,0.159,0.594,1.02500864523919e-05
"734",0.332755257284711,0.0775180090768821,0,0.247,0.159,0.594,1.08552240865074e-05
"735",0.286597911843851,0.0855765570163415,0,0.247,0.159,0.594,1.0276272786233e-05
"736",0.285458371468063,0.0847290578448573,0,0.25,0.162,0.588,1.08335279240258e-05
"737",0.343159837740467,0.0815399902020757,0,0.25,0.162,0.588,9.67759100881024e-06
"738",0.290159024312515,0.0892662365316779,0,0.25,0.162,0.588,1.92847057354089e-05
"739",0.245382244261914,0.0906749772985095,0,0.25,0.162,0.588,1.93709886547444e-05
"740",0.258483544602119,0.0949567088024453,0,0.25,0.162,0.588,1.16025831379611e-05
"741",0.326367663466952,0.0755128591085412,0,0.25,0.162,0.588,1.06650003658292e-05
"742",0.344376495221523,0.0731497410068091,0,0.25,0.162,0.588,1.06059366339781e-05
"743",0.244716751569947,0.087117386449142,0,0.25,0.162,0.588,1.37859115043274e-05
"744",0.241474406877852,0.089638052073679,0,0.25,0.162,0.588,9.28694236478401e-06
"745",0.367472011548541,0.080508565568622,0,0.249,0.16,0.591,1.61750249472619e-05
"746",0.303628959390317,0.0842534222903428,0,0.249,0.16,0.591,1.27606632736628e-05
"747",0.259254410382782,0.0910103054969035,0,0.249,0.16,0.591,1.17237980012357e-05
"748",0.362689763412831,0.0776437036470994,0,0.249,0.16,0.591,1.33252706210417e-05
"749",0.311427140110613,0.0831051191939642,0,0.249,0.16,0.591,1.00475618198291e-05
"750",0.270600843110011,0.0889933942806241,0,0.249,0.16,0.591,1.88616108520068e-05
"751",0.357271853160283,0.0837620609495323,0,0.232,0.164,0.604,2.4311379577719e-05
"752",0.315048145188863,0.0843869758996064,0,0.232,0.164,0.604,1.33781818289485e-05
"753",0.287923106624208,0.085322854003664,0,0.232,0.164,0.604,1.09668418647601e-05
"754",0.197644085585563,0.0992722871108384,0,0.232,0.164,0.604,1.52891899464764e-05
"755",0.213416001094188,0.0971644225832168,0,0.232,0.164,0.604,1.08592925267822e-05
"756",0.336330637865173,0.0860317814649015,0,0.232,0.164,0.604,1.53961490323228e-05
"757",0.229256515375395,0.0950092869886632,0,0.232,0.164,0.604,1.21443201191128e-05
"758",0.22030779508805,0.108092998006767,0,0.232,0.164,0.604,9.22359713730682e-06
"759",0.375090771551364,0.0792473673105609,0,0.232,0.164,0.604,1.28528975278918e-05
"760",0.361610392661439,0.0800489927539871,0,0.232,0.164,0.604,9.19265138660246e-06
"761",0.249495707037256,0.0864871226471917,0,0.25,0.163,0.587,1.64971599881121e-05
"762",0.268255707772647,0.0891046422083088,0,0.25,0.163,0.587,1.13553055191756e-05
"763",0.301590471932232,0.0851048621353874,0,0.25,0.163,0.587,1.35260132274266e-05
"764",0.251288707338885,0.0895184224930372,0,0.25,0.163,0.587,1.42843173952873e-05
"765",0.323925812122005,0.0833444401161551,0,0.25,0.163,0.587,1.27923492519571e-05
"766",0.297560584851933,0.0906498015674533,0,0.25,0.163,0.587,1.15087968318446e-05
"767",0.282335156271297,0.090267436685663,0,0.25,0.163,0.587,1.42428620383863e-05
"768",0.26277159338621,0.0905551455109104,0,0.25,0.163,0.587,1.84533179553655e-05
"769",0.324317021695619,0.0907291899244539,0,0.232,0.163,0.605,1.6894595959475e-05
"770",0.320529518805691,0.0849404122797622,0,0.232,0.163,0.605,1.15869212962082e-05
"771",0.318434142242794,0.085678547540205,0,0.232,0.163,0.605,1.09658160549792e-05
"772",0.346002957916639,0.0834123760929758,0,0.232,0.163,0.605,1.76449077509973e-05
"773",0.290781193234071,0.0866513402460854,0,0.232,0.163,0.605,1.08824623679535e-05
"774",0.276293494772036,0.0904870938057956,0,0.25,0.161,0.589,1.00754357632749e-05
"775",0.261427103418316,0.092747927875876,0,0.25,0.161,0.589,9.29307734458073e-06
"776",0.284026517192771,0.0821155314960982,0,0.25,0.161,0.589,8.3367710186064e-06
"777",0.314876843153738,0.0867248972662418,0,0.25,0.161,0.589,1.54863979661376e-05
"778",0.375167534144304,0.0753091364550793,0,0.25,0.161,0.589,8.5420052690914e-06
"779",0.253640340453948,0.0847646382734072,0,0.25,0.161,0.589,1.05252894692167e-05
"780",0.338664789983886,0.0809322933365314,0,0.235,0.16,0.605,1.0012238086016e-05
"781",0.322035963114092,0.0832521924756301,0,0.235,0.16,0.605,2.67192592025422e-05
"782",0.28162831707615,0.0943589780988145,0,0.235,0.16,0.605,1.96365865387109e-05
"783",0.288843067471935,0.0935828740490976,0,0.235,0.16,0.605,9.25716189565098e-06
"784",0.278511555561805,0.0911614498261811,0,0.235,0.16,0.605,1.2510868935116e-05
"785",0.312878737308166,0.0891322834188522,0,0.244,0.167,0.589,1.48188317630752e-05
"786",0.253771742509555,0.0926365939861883,0,0.244,0.167,0.589,9.08150790625545e-06
"787",0.347571014885736,0.0800175123166832,0,0.244,0.167,0.589,2.64104194127613e-05
"788",0.252314436215176,0.0899066380620929,0,0.244,0.167,0.589,1.13402901241487e-05
"789",0.269923328623173,0.0907930345388471,0,0.235,0.167,0.598,2.20389534010221e-05
"790",0.301501968766044,0.0878439753057777,0,0.235,0.167,0.598,1.1546955657642e-05
"791",0.271590070781722,0.0925867690548382,0,0.235,0.167,0.598,1.35944344708711e-05
"792",0.312883010111843,0.0861255120907599,0,0.235,0.167,0.598,1.42334499722986e-05
"793",0.229279214154651,0.0941239522337673,0,0.235,0.167,0.598,1.24129512436636e-05
"794",0.288868426634326,0.0907847830846044,0,0.233,0.166,0.601,1.07133249371275e-05
"795",0.2862981692631,0.0916975160792126,0,0.233,0.166,0.601,1.1235574355616e-05
"796",0.362087950010368,0.0832505069486766,0,0.233,0.166,0.601,2.01614171860745e-05
"797",0.337302681817198,0.0789761961439324,0,0.233,0.166,0.601,1.35791107793043e-05
"798",0.230215327411184,0.0971379014999813,0,0.233,0.166,0.601,8.85811728426905e-06
"799",0.309081352407681,0.0960707875018425,0,0.233,0.166,0.601,1.30877331256784e-05
"800",0.297939232350747,0.0870088036458613,0,0.233,0.166,0.601,1.5560956108728e-05
"801",0.273087083448515,0.101558630421522,0,0.233,0.166,0.601,9.49500506204509e-06
"802",0.319387424236009,0.0851366112192604,0,0.233,0.166,0.601,9.40497073149772e-06
"803",0.226086391226872,0.101741423113953,0,0.232,0.165,0.603,1.56429635910825e-05
"804",0.265038418272659,0.0916877993994659,0,0.232,0.165,0.603,1.11772545934855e-05
"805",0.284236941937563,0.0934633645428389,0,0.232,0.165,0.603,9.98266905950694e-06
"806",0.245177095616527,0.0890283111110848,0,0.247,0.166,0.587,8.29044443824495e-06
"807",0.239487369158281,0.0986988052519175,0,0.247,0.166,0.587,1.83021874607704e-05
"808",0.244516987416562,0.0949875626235995,0,0.247,0.166,0.587,1.42402694312673e-05
"809",0.264967594392854,0.0914855456261206,0,0.247,0.166,0.587,8.23531227522394e-06
"810",0.301503793305482,0.0888575230923341,0,0.247,0.166,0.587,1.75515502896174e-05
"811",0.257502969133557,0.0913886906874015,0,0.247,0.166,0.587,1.04568474135967e-05
"812",0.203716091142879,0.0919280186512798,0,0.247,0.166,0.587,8.6775862584404e-06
"813",0.344784778569166,0.0830897788286894,0,0.247,0.166,0.587,2.09792899476976e-05
"814",0.255572428162438,0.0937620160041897,0,0.247,0.166,0.587,9.38913491710436e-06
"815",0.297339529197219,0.0885263835786777,0,0.247,0.166,0.587,9.39856337071043e-06
"816",0.299552968932255,0.0812633991885048,0,0.247,0.166,0.587,8.10122124786004e-06
"817",0.260035699070737,0.0889815853226158,0,0.247,0.166,0.587,8.89373842118822e-06
"818",0.309555152339575,0.0862954394400469,0,0.247,0.166,0.587,1.28698025407088e-05
"819",0.300774010275262,0.0858052647009016,0,0.237,0.159,0.604,9.90242883003607e-06
"820",0.311711407328089,0.086833566048436,0,0.237,0.159,0.604,1.57572078116227e-05
"821",0.293036285914609,0.0904500351150351,0,0.237,0.159,0.604,9.37009091177199e-06
"822",0.347856884809705,0.0833528862052231,0,0.237,0.159,0.604,8.60144938434887e-06
"823",0.307193228570487,0.0895665300167635,0,0.237,0.159,0.604,1.86564027229481e-05
"824",0.364848969580594,0.0786852911303464,0,0.237,0.159,0.604,7.22064200024838e-06
"825",0.252244884643776,0.0946006904963308,0,0.248,0.159,0.593,8.11847590660677e-06
"826",0.286466878139072,0.0876155765451937,0,0.248,0.159,0.593,1.17926522944079e-05
"827",0.262706590581829,0.0914441715680781,0,0.248,0.159,0.593,8.89012225711013e-06
"828",0.278297955388877,0.0897829209716818,0,0.248,0.159,0.593,8.68162897385045e-06
"829",0.279266100104886,0.0951167715581794,0,0.248,0.159,0.593,1.01193513669184e-05
"830",0.373573237289985,0.0757324619343517,0,0.248,0.159,0.593,8.29285792576073e-06
"831",0.323127132684167,0.0893643517704193,0,0.248,0.159,0.593,7.95080314795562e-06
"832",0.346477787602939,0.0805861675483391,0,0.248,0.159,0.593,8.60046667659954e-06
"833",0.322149900507601,0.0824315753281405,0,0.248,0.159,0.593,8.76714114214671e-06
"834",0.292223663514898,0.0869158279319468,0,0.248,0.159,0.593,1.75018468511363e-05
"835",0.295789982648047,0.088997121002322,0,0.248,0.159,0.593,1.22083451276113e-05
"836",0.272045952232865,0.0876145522313707,0,0.248,0.159,0.593,1.15786444605955e-05
"837",0.290060155649702,0.0928612339751349,0,0.243,0.158,0.599,1.35847746074295e-05
"838",0.287261465501692,0.0900496137339606,0,0.243,0.158,0.599,8.42555866245538e-06
"839",0.327777859914676,0.0815774980968247,0,0.243,0.158,0.599,8.61410349648592e-06
"840",0.302870879833951,0.0866531363190181,0,0.243,0.158,0.599,1.01398632929698e-05
"841",0.275755313342778,0.0901312338744158,0,0.233,0.161,0.606,1.31099021218262e-05
"842",0.268805626512313,0.0972660781994389,0,0.233,0.161,0.606,7.44627272479005e-06
"843",0.297149347327634,0.0845387032436501,0,0.233,0.161,0.606,8.47369657465806e-06
"844",0.342517937599833,0.083255568508567,0,0.233,0.161,0.606,9.70218222337637e-06
"845",0.290391636844476,0.0871915598054269,0,0.233,0.161,0.606,7.03213045034745e-06
"846",0.323368073081121,0.0854222903414074,0,0.233,0.161,0.606,1.25512337983797e-05
"847",0.323006174906406,0.0849000985041837,0,0.233,0.161,0.606,7.69126977080154e-06
"848",0.259083354064243,0.0962820375967271,0,0.233,0.161,0.606,9.94297166317138e-06
"849",0.375867336629193,0.0780052728389029,0,0.233,0.161,0.606,7.1677302735596e-06
"850",0.300308867492269,0.0887971076573165,0,0.242,0.158,0.6,2.76805844748174e-05
"851",0.411323840840995,0.0738372586486157,0,0.242,0.158,0.6,6.90454252634998e-06
"852",0.368234348384281,0.0786472226453536,0,0.242,0.158,0.6,9.41801931488518e-06
"853",0.361312565367198,0.078000812538591,0,0.242,0.158,0.6,8.53729054423882e-06
"854",0.342089864016799,0.0809957493818117,0,0.242,0.158,0.6,7.55226811562163e-06
"855",0.340441159747297,0.0831600539519533,0,0.242,0.158,0.6,2.56217534850439e-05
"856",0.296074957151247,0.0846300377130283,0,0.242,0.158,0.6,7.70656421490951e-06
"857",0.272402428163395,0.0845897648761232,0,0.242,0.158,0.6,8.61329081663797e-06
"858",0.278504444510979,0.0863089999042504,0,0.244,0.158,0.598,1.16046298821107e-05
"859",0.26253027734189,0.0847626582231646,0,0.244,0.158,0.598,8.31393572038145e-06
"860",0.374583327334179,0.0774618668620037,0,0.244,0.158,0.598,9.03851766034678e-06
"861",0.252648985470432,0.0924275115440935,0,0.244,0.158,0.598,7.02755636113253e-06
"862",0.380806854329239,0.0804742814721935,0,0.244,0.158,0.598,6.49537397243374e-06
"863",0.349944630128906,0.0831625510958297,0,0.244,0.158,0.598,7.34786095121119e-06
"864",0.343445467519428,0.0855963016145894,0,0.244,0.158,0.598,9.06621127789404e-06
"865",0.338892810910306,0.0867633798081374,0,0.244,0.158,0.598,7.68342833494924e-06
"866",0.335816151222651,0.0786041478039048,0,0.244,0.158,0.598,7.84059379820547e-06
"867",0.30276884826084,0.0881973694852687,0,0.232,0.162,0.606,7.21751551375763e-06
"868",0.347942473489824,0.0878662305329411,0,0.232,0.162,0.606,8.412395852553e-06
"869",0.327227362371896,0.083490728496966,0,0.232,0.162,0.606,1.29884719085332e-05
"870",0.294167828184669,0.0900852358361943,0,0.232,0.162,0.606,7.43796699865128e-06
"871",0.312063514938004,0.0834201761468707,0,0.25,0.164,0.586,6.88468314564295e-06
"872",0.350558488898501,0.0815364265000371,0,0.25,0.164,0.586,9.31793626898778e-06
"873",0.318144020368274,0.0785370036092473,0,0.25,0.164,0.586,7.66323045052883e-06
"874",0.241042491603798,0.0908262296187579,0,0.25,0.164,0.586,7.59592484995956e-06
"875",0.227939620974134,0.0950282313690745,0,0.25,0.164,0.586,7.92049141003587e-06
"876",0.263879543120682,0.0929826054992657,0,0.25,0.164,0.586,8.39269026738444e-06
"877",0.262502500538245,0.0963229341126184,0,0.245,0.167,0.588,2.37625375128903e-05
"878",0.334614474657472,0.0853144356788351,0,0.245,0.167,0.588,2.81246540276272e-05
"879",0.281477517897091,0.0917531694411183,0,0.249,0.165,0.586,8.67933788477348e-06
"880",0.255164609287904,0.0943646322919554,0,0.249,0.165,0.586,1.28348394021299e-05
"881",0.360006103463457,0.070979122493343,0,0.249,0.165,0.586,8.33384372841622e-06
"882",0.360172443419243,0.0773972377945874,0,0.249,0.165,0.586,1.98307714953676e-05
"883",0.366118465766925,0.0811220260920944,0,0.249,0.165,0.586,8.12409672575772e-06
"884",0.336517463948172,0.0878225157040161,0,0.241,0.158,0.601,6.31218917923184e-06
"885",0.266362705434289,0.0866604146508813,0,0.241,0.158,0.601,9.90426992354435e-06
"886",0.324335596662367,0.0881064786508108,0,0.241,0.158,0.601,6.16582520974684e-06
"887",0.337285641532253,0.0814613931617646,0,0.241,0.158,0.601,8.5261582015797e-06
"888",0.233706526733781,0.0917406548125564,0,0.234,0.167,0.599,6.60163313711066e-06
"889",0.273256067739834,0.0951715884432053,0,0.234,0.167,0.599,5.95496752871798e-06
"890",0.286795214591313,0.0804505868451638,0,0.234,0.167,0.599,8.82083583496842e-06
"891",0.296770464983283,0.0952642678019704,0,0.234,0.167,0.599,1.4980874324988e-05
"892",0.299171805289458,0.0905935895163106,0,0.234,0.167,0.599,5.84904316509445e-06
"893",0.333513288872981,0.0866027261926379,0,0.234,0.167,0.599,6.60956848711624e-06
"894",0.274268273486183,0.0952969607544537,0,0.234,0.167,0.599,5.95705702854375e-06
"895",0.241266312667137,0.0980067191206263,0,0.234,0.167,0.599,5.93615530682459e-06
"896",0.281360236534946,0.0875231678985463,0,0.25,0.16,0.59,5.92484723335138e-06
"897",0.278267102484601,0.0870462485871137,0,0.25,0.16,0.59,7.90652901757974e-06
"898",0.295651050570885,0.0808678414943628,0,0.25,0.16,0.59,6.60773341551477e-06
"899",0.323486614827407,0.0809542718348608,0,0.25,0.16,0.59,7.29044896376861e-06
"900",0.248771404079311,0.0960362391094071,0,0.25,0.16,0.59,7.51510262217618e-06
"901",0.246940356487814,0.0870916464052652,0,0.25,0.16,0.59,6.19051255240253e-06
"902",0.246021453404547,0.0950858099009792,0,0.25,0.16,0.59,6.75188854352921e-06
"903",0.39308391036,0.073291765102268,0,0.25,0.16,0.59,9.4303438701991e-06
"904",0.253280974991116,0.0897648480281905,0,0.245,0.158,0.597,6.80215868470124e-06
"905",0.302994236052015,0.0931402173119407,0,0.245,0.158,0.597,8.17428113360998e-06
"906",0.282400087617336,0.0919459602656776,0,0.245,0.158,0.597,1.92924210826253e-05
"907",0.377418705798921,0.0735857782386118,0,0.245,0.158,0.597,6.51074745011e-06
"908",0.295382870585535,0.0877530332129282,0,0.251,0.162,0.587,6.92496792594304e-06
"909",0.269428690174247,0.0876479666406802,0,0.251,0.162,0.587,5.90592118958152e-06
"910",0.217007066362173,0.0982111791671388,0,0.251,0.162,0.587,5.279185614013e-06
"911",0.325234150723452,0.0785805112154284,0,0.251,0.162,0.587,6.62670678572741e-06
"912",0.279519377712617,0.0960886364011539,0,0.251,0.162,0.587,5.29444394332961e-06
"913",0.26699706604674,0.0938055260609093,0,0.251,0.162,0.587,5.81894483168378e-06
"914",0.364669093609219,0.0736703887746007,0,0.251,0.162,0.587,7.11115818885904e-06
"915",0.257649832372824,0.0899800117768606,0,0.251,0.162,0.587,5.27390314144426e-06
"916",0.317782847643554,0.083918241479606,0,0.251,0.162,0.587,7.22752560497942e-06
"917",0.299098914019016,0.0877900395402918,0,0.251,0.162,0.587,7.08845564736495e-06
"918",0.274805067760799,0.0825382484857707,0,0.251,0.162,0.587,5.26570120241601e-06
"919",0.350875817833875,0.0811646096035784,0,0.251,0.162,0.587,6.48486151203739e-06
"920",0.34970124545722,0.0785654443580313,0,0.239,0.168,0.593,1.06186010490483e-05
"921",0.291504521330157,0.0901521659055811,0,0.239,0.168,0.593,8.06119443892917e-06
"922",0.216355872964014,0.0968434348572766,0,0.239,0.168,0.593,5.98327118427522e-06
"923",0.309162021780513,0.0887958257115753,0,0.239,0.168,0.593,5.53755779368876e-06
"924",0.35039603823004,0.0822385968882599,0,0.239,0.168,0.593,5.28956729839252e-06
"925",0.340740175872428,0.0801487075233928,0,0.239,0.168,0.593,6.52733957301308e-06
"926",0.32034038156753,0.0850585460786808,0,0.239,0.168,0.593,5.5907798911545e-06
"927",0.22656665203676,0.0987781337380085,0,0.239,0.168,0.593,8.19522720038631e-06
"928",0.311646352942305,0.0896836720392706,0,0.239,0.168,0.593,1.00805413057366e-05
"929",0.377495505292417,0.0726813161809924,0,0.234,0.16,0.606,6.94879575260473e-06
"930",0.296428543856106,0.0932616572612296,0,0.234,0.16,0.606,5.70708404078535e-06
"931",0.283085703142111,0.0876255532267342,0,0.234,0.16,0.606,7.54202410721318e-06
"932",0.255195633236954,0.0917089705341532,0,0.234,0.16,0.606,5.29303228780122e-06
"933",0.246694657777697,0.095019966308813,0,0.234,0.16,0.606,6.39569286767171e-06
"934",0.23796452325078,0.0959672745187822,0,0.234,0.16,0.606,6.21202300643552e-06
"935",0.339022538390127,0.0828300916646377,0,0.234,0.16,0.606,1.04781928738334e-05
"936",0.340929602492126,0.0851751357964964,0,0.234,0.16,0.606,1.1155120489343e-05
"937",0.319955594469498,0.0841455609518593,0,0.234,0.16,0.606,1.30595991556347e-05
"938",0.216286979684713,0.101728692330038,0,0.231,0.164,0.605,5.04551753694386e-06
"939",0.331269431061575,0.0867947167862169,0,0.231,0.164,0.605,5.63785172737423e-06
"940",0.334407871516987,0.0909736801603702,0,0.231,0.164,0.605,1.17809777341809e-05
"941",0.240427098031938,0.0947433065141145,0,0.231,0.164,0.605,6.98251860180739e-06
"942",0.279413992426855,0.0861535331954125,0,0.24,0.168,0.592,5.45970764137612e-06
"943",0.28320931682543,0.0922477941283688,0,0.24,0.168,0.592,1.9953733784187e-05
"944",0.320855263577013,0.0849626123977984,0,0.24,0.158,0.602,8.29378911353587e-06
"945",0.325092119903046,0.0831644899363604,0,0.24,0.158,0.602,2.90850452170304e-05
"946",0.295239241559704,0.0945305627897875,0,0.24,0.158,0.602,1.03542187375519e-05
"947",0.305313522429872,0.08990161417861,0,0.24,0.158,0.602,5.39922456139114e-06
"948",0.25348398993038,0.0927833740951352,0,0.24,0.158,0.602,1.07472118170582e-05
"949",0.343657301575539,0.0835802733928998,0,0.24,0.158,0.602,6.86147061485528e-06
"950",0.203591983740857,0.0944572702981339,0,0.24,0.158,0.602,6.70824037312764e-06
"951",0.377265522787743,0.0832982327319152,0,0.24,0.158,0.602,5.02550010776704e-06
"952",0.29683359096845,0.085453527720842,0,0.24,0.158,0.602,7.00171596407571e-06
"953",0.288343759782245,0.0902338967206839,0,0.24,0.158,0.602,8.87868158319675e-06
"954",0.266100470633377,0.100948915751351,0,0.232,0.166,0.602,7.0144394307294e-06
"955",0.245697349455655,0.0988119701232618,0,0.232,0.166,0.602,4.99031399698222e-06
"956",0.250337787758969,0.0992777100230844,0,0.232,0.166,0.602,8.75400320151767e-06
"957",0.21538491578446,0.0956206451350528,0,0.232,0.166,0.602,5.67056875531234e-06
"958",0.273123289251833,0.0908150722753478,0,0.232,0.166,0.602,7.35678736693687e-06
"959",0.248924630345135,0.0968920917971572,0,0.232,0.166,0.602,5.97792815466542e-06
"960",0.319712483575239,0.0855716488337155,0,0.232,0.166,0.602,6.78973675243022e-06
"961",0.218155017237043,0.0910486123740743,0,0.238,0.168,0.594,5.64364097384782e-06
"962",0.317064902894657,0.0815308811600286,0,0.238,0.168,0.594,5.16246500436464e-06
"963",0.298842255117948,0.0867986718665671,0,0.238,0.168,0.594,5.15095308547253e-06
"964",0.290752651657113,0.0869474935831967,0,0.238,0.168,0.594,8.11135617156778e-06
"965",0.305484254776632,0.0934879280201079,0,0.238,0.168,0.594,1.25018403442844e-05
"966",0.263491074630202,0.0943336177439136,0,0.238,0.168,0.594,1.42456376255361e-05
"967",0.268551494252835,0.0885171799051456,0,0.238,0.168,0.594,9.5128355498358e-06
"968",0.358378092414938,0.0834293099235189,0,0.236,0.159,0.605,6.141285736179e-06
"969",0.279957146211216,0.0968406328428276,0,0.236,0.159,0.605,5.48493231879016e-06
"970",0.285025492029421,0.0851492953962673,0,0.236,0.159,0.605,5.9263217470182e-06
"971",0.289787784032352,0.0913262059071118,0,0.236,0.159,0.605,6.50867892815941e-06
"972",0.25282315533456,0.0906345550387117,0,0.236,0.159,0.605,6.08143307571516e-06
"973",0.230254126694618,0.0974406866417743,0,0.236,0.159,0.605,4.98924101803943e-06
"974",0.322799696188526,0.0818598721807233,0,0.251,0.161,0.588,5.03752040968855e-06
"975",0.264923833572232,0.0841201648720016,0,0.251,0.161,0.588,5.75528347182357e-06
"976",0.291919910143566,0.0859765981368974,0,0.251,0.161,0.588,6.84259156083687e-06
"977",0.330017147189095,0.0845063210815579,0,0.251,0.161,0.588,7.8249072071401e-06
"978",0.374019602685571,0.080037511020366,0,0.249,0.159,0.592,1.11479434427515e-05
"979",0.340889051226973,0.0829828533503741,0,0.249,0.159,0.592,5.8662099634035e-06
"980",0.308005087468067,0.0856162984823417,0,0.249,0.159,0.592,5.27122813157984e-06
"981",0.285686371879142,0.0865836352416822,0,0.249,0.159,0.592,6.18564465107702e-06
"982",0.244003783474128,0.0913754540938131,0,0.249,0.159,0.592,8.53323563092072e-06
"983",0.38005825954194,0.0763579518028046,0,0.249,0.159,0.592,8.35085145690941e-06
"984",0.37057355291834,0.0800506738640365,0,0.249,0.159,0.592,5.86520447213868e-06
"985",0.272429348130161,0.0914246860519476,0,0.246,0.158,0.596,8.08414672065695e-06
"986",0.396121667202376,0.0755254880542252,0,0.246,0.158,0.596,1.25742691503138e-05
"987",0.217304458955834,0.0974441505458087,0,0.246,0.158,0.596,1.7868468048548e-05
"988",0.283913915618167,0.0859623137421367,0,0.246,0.158,0.596,9.20419363594074e-06
"989",0.366132801300558,0.0783856373734476,0,0.246,0.158,0.596,1.06624157519273e-05
"990",0.199867018925361,0.0981089902045987,0,0.251,0.163,0.586,9.62250063886682e-06
"991",0.302586679864625,0.0806408503510008,0,0.251,0.163,0.586,5.15638234185361e-06
"992",0.25370012966366,0.0910866033882557,0,0.251,0.163,0.586,5.63277631888239e-06
"993",0.278205105321455,0.0853596135177249,0,0.251,0.163,0.586,8.99342505639834e-06
"994",0.268080857337885,0.0977206958455935,0,0.231,0.163,0.606,1.12326206273124e-05
"995",0.260311212901531,0.0912876376968165,0,0.231,0.163,0.606,8.54860507654971e-06
"996",0.25343013546359,0.0978147481257109,0,0.231,0.163,0.606,1.16211355154295e-05
"997",0.258054409335826,0.0908991513567643,0,0.231,0.163,0.606,8.14250742811652e-06
"998",0.244248080897806,0.0944126620961355,0,0.231,0.163,0.606,9.18586092836924e-06
"999",0.319309416281711,0.0842636395800995,0,0.231,0.163,0.606,5.23091945643644e-06
"1000",0.261190358362273,0.0895208130065311,0,0.231,0.163,0.606,5.31285528749646e-06
