"","prop.aneu","prob.meio","prob.mito","dispersal","euploid","mosaic","aneuploid","misdiagnosed.rates"
"1",1,0.280673414003104,0.0101638049818575,0.11402664729394,0.57,0.09,0.34,0.1
"2",1,0.280673414003104,0.0101638049818575,0.11402664729394,0.57,0.09,0.34,0.1
"3",0.04296875,0.280673414003104,0.0101638049818575,0.11402664729394,0.57,0.09,0.34,0.1
"4",0.109375,0.280673414003104,0.0101638049818575,0.11402664729394,0.57,0.09,0.34,0.1
"5",0.09375,0.280673414003104,0.0101638049818575,0.11402664729394,0.57,0.09,0.34,0.1
"6",0.3046875,0.280673414003104,0.0101638049818575,0.11402664729394,0.57,0.09,0.34,0.1
"7",0.01953125,0.280673414003104,0.0101638049818575,0.11402664729394,0.57,0.09,0.34,0.1
"8",0.1640625,0.280673414003104,0.0101638049818575,0.11402664729394,0.57,0.09,0.34,0.1
"9",0.00390625,0.280673414003104,0.0101638049818575,0.11402664729394,0.57,0.09,0.34,0.1
"10",0.02734375,0.280673414003104,0.0101638049818575,0.11402664729394,0.57,0.09,0.34,0.1
"11",0.04296875,0.280673414003104,0.0101638049818575,0.11402664729394,0.57,0.09,0.34,0.1
"12",1,0.280673414003104,0.0101638049818575,0.11402664729394,0.57,0.09,0.34,0.1
"13",0.0546875,0.280673414003104,0.0101638049818575,0.11402664729394,0.57,0.09,0.34,0.1
"14",0.02734375,0.280673414003104,0.0101638049818575,0.11402664729394,0.57,0.09,0.34,0.1
"15",0.01171875,0.280673414003104,0.0101638049818575,0.11402664729394,0.57,0.09,0.34,0.1
"16",1,0.280673414003104,0.0101638049818575,0.11402664729394,0.57,0.09,0.34,0.1
"17",0.0703125,0.280673414003104,0.0101638049818575,0.11402664729394,0.57,0.09,0.34,0.1
"18",0.140625,0.280673414003104,0.0101638049818575,0.11402664729394,0.57,0.09,0.34,0.1
"19",1,0.280673414003104,0.0101638049818575,0.11402664729394,0.57,0.09,0.34,0.1
"20",0.0703125,0.280673414003104,0.0101638049818575,0.11402664729394,0.57,0.09,0.34,0.1
"21",0.0234375,0.280673414003104,0.0101638049818575,0.11402664729394,0.57,0.09,0.34,0.1
"22",1,0.280673414003104,0.0101638049818575,0.11402664729394,0.57,0.09,0.34,0.1
"23",1,0.280673414003104,0.0101638049818575,0.11402664729394,0.57,0.09,0.34,0.1
"24",1,0.280673414003104,0.0101638049818575,0.11402664729394,0.57,0.09,0.34,0.1
"25",0.125,0.280673414003104,0.0101638049818575,0.11402664729394,0.57,0.09,0.34,0.1
"26",0.01953125,0.280673414003104,0.0101638049818575,0.11402664729394,0.57,0.09,0.34,0.1
"27",0.21875,0.280673414003104,0.0101638049818575,0.11402664729394,0.57,0.09,0.34,0.1
"28",0.0234375,0.280673414003104,0.0101638049818575,0.11402664729394,0.57,0.09,0.34,0.1
"29",1,0.280673414003104,0.0101638049818575,0.11402664729394,0.57,0.09,0.34,0.1
"30",1,0.280673414003104,0.0101638049818575,0.11402664729394,0.57,0.09,0.34,0.1
"31",0.015625,0.280673414003104,0.0101638049818575,0.11402664729394,0.57,0.09,0.34,0.1
"32",0.07421875,0.280673414003104,0.0101638049818575,0.11402664729394,0.57,0.09,0.34,0.1
"33",0.0234375,0.280673414003104,0.0101638049818575,0.11402664729394,0.57,0.09,0.34,0.1
"34",0.046875,0.280673414003104,0.0101638049818575,0.11402664729394,0.57,0.09,0.34,0.1
"35",0.0234375,0.280673414003104,0.0101638049818575,0.11402664729394,0.57,0.09,0.34,0.1
"36",1,0.280673414003104,0.0101638049818575,0.11402664729394,0.57,0.09,0.34,0.1
"37",1,0.280673414003104,0.0101638049818575,0.11402664729394,0.57,0.09,0.34,0.1
"38",0.00390625,0.280673414003104,0.0101638049818575,0.11402664729394,0.57,0.09,0.34,0.1
"39",1,0.280673414003104,0.0101638049818575,0.11402664729394,0.57,0.09,0.34,0.1
"40",0.02734375,0.280673414003104,0.0101638049818575,0.11402664729394,0.57,0.09,0.34,0.1
"41",0.265625,0.280673414003104,0.0101638049818575,0.11402664729394,0.57,0.09,0.34,0.1
"42",1,0.280673414003104,0.0101638049818575,0.11402664729394,0.57,0.09,0.34,0.1
"43",0.140625,0.280673414003104,0.0101638049818575,0.11402664729394,0.57,0.09,0.34,0.1
"44",1,0.280673414003104,0.0101638049818575,0.11402664729394,0.57,0.09,0.34,0.1
"45",0.02734375,0.280673414003104,0.0101638049818575,0.11402664729394,0.57,0.09,0.34,0.1
"46",0.02734375,0.280673414003104,0.0101638049818575,0.11402664729394,0.57,0.09,0.34,0.1
"47",0.06640625,0.280673414003104,0.0101638049818575,0.11402664729394,0.57,0.09,0.34,0.1
"48",0.51171875,0.280673414003104,0.0101638049818575,0.11402664729394,0.57,0.09,0.34,0.1
"49",1,0.280673414003104,0.0101638049818575,0.11402664729394,0.57,0.09,0.34,0.1
"50",0.046875,0.280673414003104,0.0101638049818575,0.11402664729394,0.57,0.09,0.34,0.1
"51",0.06640625,0.280673414003104,0.0101638049818575,0.11402664729394,0.57,0.09,0.34,0.1
"52",1,0.280673414003104,0.0101638049818575,0.11402664729394,0.57,0.09,0.34,0.1
"53",0.0703125,0.280673414003104,0.0101638049818575,0.11402664729394,0.57,0.09,0.34,0.1
"54",1,0.280673414003104,0.0101638049818575,0.11402664729394,0.57,0.09,0.34,0.1
"55",0.1484375,0.280673414003104,0.0101638049818575,0.11402664729394,0.57,0.09,0.34,0.1
"56",1,0.280673414003104,0.0101638049818575,0.11402664729394,0.57,0.09,0.34,0.1
"57",0.13671875,0.280673414003104,0.0101638049818575,0.11402664729394,0.57,0.09,0.34,0.1
"58",1,0.280673414003104,0.0101638049818575,0.11402664729394,0.57,0.09,0.34,0.1
"59",0.04296875,0.280673414003104,0.0101638049818575,0.11402664729394,0.57,0.09,0.34,0.1
"60",0.08984375,0.280673414003104,0.0101638049818575,0.11402664729394,0.57,0.09,0.34,0.1
"61",0.03125,0.280673414003104,0.0101638049818575,0.11402664729394,0.57,0.09,0.34,0.1
"62",1,0.280673414003104,0.0101638049818575,0.11402664729394,0.57,0.09,0.34,0.1
"63",1,0.280673414003104,0.0101638049818575,0.11402664729394,0.57,0.09,0.34,0.1
"64",1,0.280673414003104,0.0101638049818575,0.11402664729394,0.57,0.09,0.34,0.1
"65",0.0390625,0.280673414003104,0.0101638049818575,0.11402664729394,0.57,0.09,0.34,0.1
"66",0.0859375,0.280673414003104,0.0101638049818575,0.11402664729394,0.57,0.09,0.34,0.1
"67",0.015625,0.280673414003104,0.0101638049818575,0.11402664729394,0.57,0.09,0.34,0.1
"68",0.05078125,0.280673414003104,0.0101638049818575,0.11402664729394,0.57,0.09,0.34,0.1
"69",1,0.280673414003104,0.0101638049818575,0.11402664729394,0.57,0.09,0.34,0.1
"70",0.01953125,0.280673414003104,0.0101638049818575,0.11402664729394,0.57,0.09,0.34,0.1
"71",0.17578125,0.280673414003104,0.0101638049818575,0.11402664729394,0.57,0.09,0.34,0.1
"72",0.0390625,0.280673414003104,0.0101638049818575,0.11402664729394,0.57,0.09,0.34,0.1
"73",1,0.280673414003104,0.0101638049818575,0.11402664729394,0.57,0.09,0.34,0.1
"74",1,0.280673414003104,0.0101638049818575,0.11402664729394,0.57,0.09,0.34,0.1
"75",0.08203125,0.280673414003104,0.0101638049818575,0.11402664729394,0.57,0.09,0.34,0.1
"76",0.08203125,0.280673414003104,0.0101638049818575,0.11402664729394,0.57,0.09,0.34,0.1
"77",0.00390625,0.280673414003104,0.0101638049818575,0.11402664729394,0.57,0.09,0.34,0.1
"78",0.08984375,0.280673414003104,0.0101638049818575,0.11402664729394,0.57,0.09,0.34,0.1
"79",1,0.280673414003104,0.0101638049818575,0.11402664729394,0.57,0.09,0.34,0.1
"80",1,0.280673414003104,0.0101638049818575,0.11402664729394,0.57,0.09,0.34,0.1
"81",0.02734375,0.280673414003104,0.0101638049818575,0.11402664729394,0.57,0.09,0.34,0.1
"82",1,0.280673414003104,0.0101638049818575,0.11402664729394,0.57,0.09,0.34,0.1
"83",0.00390625,0.280673414003104,0.0101638049818575,0.11402664729394,0.57,0.09,0.34,0.1
"84",0.0390625,0.280673414003104,0.0101638049818575,0.11402664729394,0.57,0.09,0.34,0.1
"85",0.1640625,0.280673414003104,0.0101638049818575,0.11402664729394,0.57,0.09,0.34,0.1
"86",0.0625,0.280673414003104,0.0101638049818575,0.11402664729394,0.57,0.09,0.34,0.1
"87",1,0.280673414003104,0.0101638049818575,0.11402664729394,0.57,0.09,0.34,0.1
"88",1,0.280673414003104,0.0101638049818575,0.11402664729394,0.57,0.09,0.34,0.1
"89",0.078125,0.280673414003104,0.0101638049818575,0.11402664729394,0.57,0.09,0.34,0.1
"90",0.02734375,0.280673414003104,0.0101638049818575,0.11402664729394,0.57,0.09,0.34,0.1
"91",0.04296875,0.280673414003104,0.0101638049818575,0.11402664729394,0.57,0.09,0.34,0.1
"92",0.00390625,0.280673414003104,0.0101638049818575,0.11402664729394,0.57,0.09,0.34,0.1
"93",0.09375,0.280673414003104,0.0101638049818575,0.11402664729394,0.57,0.09,0.34,0.1
"94",0.203125,0.280673414003104,0.0101638049818575,0.11402664729394,0.57,0.09,0.34,0.1
"95",1,0.280673414003104,0.0101638049818575,0.11402664729394,0.57,0.09,0.34,0.1
"96",0.04296875,0.280673414003104,0.0101638049818575,0.11402664729394,0.57,0.09,0.34,0.1
"97",0.1640625,0.280673414003104,0.0101638049818575,0.11402664729394,0.57,0.09,0.34,0.1
"98",1,0.280673414003104,0.0101638049818575,0.11402664729394,0.57,0.09,0.34,0.1
"99",0.015625,0.280673414003104,0.0101638049818575,0.11402664729394,0.57,0.09,0.34,0.1
"100",1,0.280673414003104,0.0101638049818575,0.11402664729394,0.57,0.09,0.34,0.1
"101",1,0.411801986396313,0.014562658034265,0.674783350434154,0.4,0.2,0.4,0.1
"102",1,0.411801986396313,0.014562658034265,0.674783350434154,0.4,0.2,0.4,0.1
"103",0.05859375,0.411801986396313,0.014562658034265,0.674783350434154,0.4,0.2,0.4,0.1
"104",0.046875,0.411801986396313,0.014562658034265,0.674783350434154,0.4,0.2,0.4,0.1
"105",0.01953125,0.411801986396313,0.014562658034265,0.674783350434154,0.4,0.2,0.4,0.1
"106",0.08984375,0.411801986396313,0.014562658034265,0.674783350434154,0.4,0.2,0.4,0.1
"107",0.03125,0.411801986396313,0.014562658034265,0.674783350434154,0.4,0.2,0.4,0.1
"108",0.07421875,0.411801986396313,0.014562658034265,0.674783350434154,0.4,0.2,0.4,0.1
"109",1,0.411801986396313,0.014562658034265,0.674783350434154,0.4,0.2,0.4,0.1
"110",1,0.411801986396313,0.014562658034265,0.674783350434154,0.4,0.2,0.4,0.1
"111",0.046875,0.411801986396313,0.014562658034265,0.674783350434154,0.4,0.2,0.4,0.1
"112",0.01953125,0.411801986396313,0.014562658034265,0.674783350434154,0.4,0.2,0.4,0.1
"113",0.046875,0.411801986396313,0.014562658034265,0.674783350434154,0.4,0.2,0.4,0.1
"114",0.109375,0.411801986396313,0.014562658034265,0.674783350434154,0.4,0.2,0.4,0.1
"115",0.0625,0.411801986396313,0.014562658034265,0.674783350434154,0.4,0.2,0.4,0.1
"116",0.2890625,0.411801986396313,0.014562658034265,0.674783350434154,0.4,0.2,0.4,0.1
"117",1,0.411801986396313,0.014562658034265,0.674783350434154,0.4,0.2,0.4,0.1
"118",0.06640625,0.411801986396313,0.014562658034265,0.674783350434154,0.4,0.2,0.4,0.1
"119",0.0390625,0.411801986396313,0.014562658034265,0.674783350434154,0.4,0.2,0.4,0.1
"120",0.203125,0.411801986396313,0.014562658034265,0.674783350434154,0.4,0.2,0.4,0.1
"121",0.08984375,0.411801986396313,0.014562658034265,0.674783350434154,0.4,0.2,0.4,0.1
"122",0.0625,0.411801986396313,0.014562658034265,0.674783350434154,0.4,0.2,0.4,0.1
"123",1,0.411801986396313,0.014562658034265,0.674783350434154,0.4,0.2,0.4,0.1
"124",1,0.411801986396313,0.014562658034265,0.674783350434154,0.4,0.2,0.4,0.1
"125",1,0.411801986396313,0.014562658034265,0.674783350434154,0.4,0.2,0.4,0.1
"126",0.1640625,0.411801986396313,0.014562658034265,0.674783350434154,0.4,0.2,0.4,0.1
"127",0.07421875,0.411801986396313,0.014562658034265,0.674783350434154,0.4,0.2,0.4,0.1
"128",1,0.411801986396313,0.014562658034265,0.674783350434154,0.4,0.2,0.4,0.1
"129",0.10546875,0.411801986396313,0.014562658034265,0.674783350434154,0.4,0.2,0.4,0.1
"130",0.046875,0.411801986396313,0.014562658034265,0.674783350434154,0.4,0.2,0.4,0.1
"131",0.0546875,0.411801986396313,0.014562658034265,0.674783350434154,0.4,0.2,0.4,0.1
"132",1,0.411801986396313,0.014562658034265,0.674783350434154,0.4,0.2,0.4,0.1
"133",1,0.411801986396313,0.014562658034265,0.674783350434154,0.4,0.2,0.4,0.1
"134",1,0.411801986396313,0.014562658034265,0.674783350434154,0.4,0.2,0.4,0.1
"135",0.078125,0.411801986396313,0.014562658034265,0.674783350434154,0.4,0.2,0.4,0.1
"136",0.046875,0.411801986396313,0.014562658034265,0.674783350434154,0.4,0.2,0.4,0.1
"137",1,0.411801986396313,0.014562658034265,0.674783350434154,0.4,0.2,0.4,0.1
"138",0.359375,0.411801986396313,0.014562658034265,0.674783350434154,0.4,0.2,0.4,0.1
"139",0.0390625,0.411801986396313,0.014562658034265,0.674783350434154,0.4,0.2,0.4,0.1
"140",0.15625,0.411801986396313,0.014562658034265,0.674783350434154,0.4,0.2,0.4,0.1
"141",0.15234375,0.411801986396313,0.014562658034265,0.674783350434154,0.4,0.2,0.4,0.1
"142",0.0390625,0.411801986396313,0.014562658034265,0.674783350434154,0.4,0.2,0.4,0.1
"143",1,0.411801986396313,0.014562658034265,0.674783350434154,0.4,0.2,0.4,0.1
"144",0.28515625,0.411801986396313,0.014562658034265,0.674783350434154,0.4,0.2,0.4,0.1
"145",1,0.411801986396313,0.014562658034265,0.674783350434154,0.4,0.2,0.4,0.1
"146",1,0.411801986396313,0.014562658034265,0.674783350434154,0.4,0.2,0.4,0.1
"147",1,0.411801986396313,0.014562658034265,0.674783350434154,0.4,0.2,0.4,0.1
"148",1,0.411801986396313,0.014562658034265,0.674783350434154,0.4,0.2,0.4,0.1
"149",1,0.411801986396313,0.014562658034265,0.674783350434154,0.4,0.2,0.4,0.1
"150",0.1171875,0.411801986396313,0.014562658034265,0.674783350434154,0.4,0.2,0.4,0.1
"151",1,0.411801986396313,0.014562658034265,0.674783350434154,0.4,0.2,0.4,0.1
"152",0.06640625,0.411801986396313,0.014562658034265,0.674783350434154,0.4,0.2,0.4,0.1
"153",1,0.411801986396313,0.014562658034265,0.674783350434154,0.4,0.2,0.4,0.1
"154",1,0.411801986396313,0.014562658034265,0.674783350434154,0.4,0.2,0.4,0.1
"155",1,0.411801986396313,0.014562658034265,0.674783350434154,0.4,0.2,0.4,0.1
"156",1,0.411801986396313,0.014562658034265,0.674783350434154,0.4,0.2,0.4,0.1
"157",1,0.411801986396313,0.014562658034265,0.674783350434154,0.4,0.2,0.4,0.1
"158",0.078125,0.411801986396313,0.014562658034265,0.674783350434154,0.4,0.2,0.4,0.1
"159",0.29296875,0.411801986396313,0.014562658034265,0.674783350434154,0.4,0.2,0.4,0.1
"160",0.02734375,0.411801986396313,0.014562658034265,0.674783350434154,0.4,0.2,0.4,0.1
"161",1,0.411801986396313,0.014562658034265,0.674783350434154,0.4,0.2,0.4,0.1
"162",0.09765625,0.411801986396313,0.014562658034265,0.674783350434154,0.4,0.2,0.4,0.1
"163",0.0546875,0.411801986396313,0.014562658034265,0.674783350434154,0.4,0.2,0.4,0.1
"164",1,0.411801986396313,0.014562658034265,0.674783350434154,0.4,0.2,0.4,0.1
"165",1,0.411801986396313,0.014562658034265,0.674783350434154,0.4,0.2,0.4,0.1
"166",0.01953125,0.411801986396313,0.014562658034265,0.674783350434154,0.4,0.2,0.4,0.1
"167",1,0.411801986396313,0.014562658034265,0.674783350434154,0.4,0.2,0.4,0.1
"168",1,0.411801986396313,0.014562658034265,0.674783350434154,0.4,0.2,0.4,0.1
"169",1,0.411801986396313,0.014562658034265,0.674783350434154,0.4,0.2,0.4,0.1
"170",0.09765625,0.411801986396313,0.014562658034265,0.674783350434154,0.4,0.2,0.4,0.1
"171",0.08984375,0.411801986396313,0.014562658034265,0.674783350434154,0.4,0.2,0.4,0.1
"172",0.03125,0.411801986396313,0.014562658034265,0.674783350434154,0.4,0.2,0.4,0.1
"173",0.0390625,0.411801986396313,0.014562658034265,0.674783350434154,0.4,0.2,0.4,0.1
"174",0.046875,0.411801986396313,0.014562658034265,0.674783350434154,0.4,0.2,0.4,0.1
"175",1,0.411801986396313,0.014562658034265,0.674783350434154,0.4,0.2,0.4,0.1
"176",0.09765625,0.411801986396313,0.014562658034265,0.674783350434154,0.4,0.2,0.4,0.1
"177",0.03125,0.411801986396313,0.014562658034265,0.674783350434154,0.4,0.2,0.4,0.1
"178",0.078125,0.411801986396313,0.014562658034265,0.674783350434154,0.4,0.2,0.4,0.1
"179",0.01953125,0.411801986396313,0.014562658034265,0.674783350434154,0.4,0.2,0.4,0.1
"180",0.1328125,0.411801986396313,0.014562658034265,0.674783350434154,0.4,0.2,0.4,0.1
"181",0.03125,0.411801986396313,0.014562658034265,0.674783350434154,0.4,0.2,0.4,0.1
"182",0.078125,0.411801986396313,0.014562658034265,0.674783350434154,0.4,0.2,0.4,0.1
"183",1,0.411801986396313,0.014562658034265,0.674783350434154,0.4,0.2,0.4,0.1
"184",0.17578125,0.411801986396313,0.014562658034265,0.674783350434154,0.4,0.2,0.4,0.1
"185",0.02734375,0.411801986396313,0.014562658034265,0.674783350434154,0.4,0.2,0.4,0.1
"186",0.09375,0.411801986396313,0.014562658034265,0.674783350434154,0.4,0.2,0.4,0.1
"187",0.2578125,0.411801986396313,0.014562658034265,0.674783350434154,0.4,0.2,0.4,0.1
"188",0.12890625,0.411801986396313,0.014562658034265,0.674783350434154,0.4,0.2,0.4,0.1
"189",0.0625,0.411801986396313,0.014562658034265,0.674783350434154,0.4,0.2,0.4,0.1
"190",0.05859375,0.411801986396313,0.014562658034265,0.674783350434154,0.4,0.2,0.4,0.1
"191",1,0.411801986396313,0.014562658034265,0.674783350434154,0.4,0.2,0.4,0.1
"192",1,0.411801986396313,0.014562658034265,0.674783350434154,0.4,0.2,0.4,0.1
"193",1,0.411801986396313,0.014562658034265,0.674783350434154,0.4,0.2,0.4,0.1
"194",0.0234375,0.411801986396313,0.014562658034265,0.674783350434154,0.4,0.2,0.4,0.1
"195",1,0.411801986396313,0.014562658034265,0.674783350434154,0.4,0.2,0.4,0.1
"196",1,0.411801986396313,0.014562658034265,0.674783350434154,0.4,0.2,0.4,0.1
"197",0.1328125,0.411801986396313,0.014562658034265,0.674783350434154,0.4,0.2,0.4,0.1
"198",0.0078125,0.411801986396313,0.014562658034265,0.674783350434154,0.4,0.2,0.4,0.1
"199",1,0.411801986396313,0.014562658034265,0.674783350434154,0.4,0.2,0.4,0.1
"200",1,0.411801986396313,0.014562658034265,0.674783350434154,0.4,0.2,0.4,0.1
"201",1,0.627135670045391,0.0311412245500833,0.228481352794915,0.19,0.23,0.58,0.1
"202",1,0.627135670045391,0.0311412245500833,0.228481352794915,0.19,0.23,0.58,0.1
"203",1,0.627135670045391,0.0311412245500833,0.228481352794915,0.19,0.23,0.58,0.1
"204",0.09765625,0.627135670045391,0.0311412245500833,0.228481352794915,0.19,0.23,0.58,0.1
"205",0.09765625,0.627135670045391,0.0311412245500833,0.228481352794915,0.19,0.23,0.58,0.1
"206",1,0.627135670045391,0.0311412245500833,0.228481352794915,0.19,0.23,0.58,0.1
"207",1,0.627135670045391,0.0311412245500833,0.228481352794915,0.19,0.23,0.58,0.1
"208",0.34765625,0.627135670045391,0.0311412245500833,0.228481352794915,0.19,0.23,0.58,0.1
"209",1,0.627135670045391,0.0311412245500833,0.228481352794915,0.19,0.23,0.58,0.1
"210",1,0.627135670045391,0.0311412245500833,0.228481352794915,0.19,0.23,0.58,0.1
"211",1,0.627135670045391,0.0311412245500833,0.228481352794915,0.19,0.23,0.58,0.1
"212",1,0.627135670045391,0.0311412245500833,0.228481352794915,0.19,0.23,0.58,0.1
"213",1,0.627135670045391,0.0311412245500833,0.228481352794915,0.19,0.23,0.58,0.1
"214",0.19921875,0.627135670045391,0.0311412245500833,0.228481352794915,0.19,0.23,0.58,0.1
"215",1,0.627135670045391,0.0311412245500833,0.228481352794915,0.19,0.23,0.58,0.1
"216",0.10546875,0.627135670045391,0.0311412245500833,0.228481352794915,0.19,0.23,0.58,0.1
"217",0.10546875,0.627135670045391,0.0311412245500833,0.228481352794915,0.19,0.23,0.58,0.1
"218",0.25390625,0.627135670045391,0.0311412245500833,0.228481352794915,0.19,0.23,0.58,0.1
"219",0.6015625,0.627135670045391,0.0311412245500833,0.228481352794915,0.19,0.23,0.58,0.1
"220",0.23828125,0.627135670045391,0.0311412245500833,0.228481352794915,0.19,0.23,0.58,0.1
"221",0.109375,0.627135670045391,0.0311412245500833,0.228481352794915,0.19,0.23,0.58,0.1
"222",1,0.627135670045391,0.0311412245500833,0.228481352794915,0.19,0.23,0.58,0.1
"223",0.1796875,0.627135670045391,0.0311412245500833,0.228481352794915,0.19,0.23,0.58,0.1
"224",1,0.627135670045391,0.0311412245500833,0.228481352794915,0.19,0.23,0.58,0.1
"225",1,0.627135670045391,0.0311412245500833,0.228481352794915,0.19,0.23,0.58,0.1
"226",0.06640625,0.627135670045391,0.0311412245500833,0.228481352794915,0.19,0.23,0.58,0.1
"227",1,0.627135670045391,0.0311412245500833,0.228481352794915,0.19,0.23,0.58,0.1
"228",0.328125,0.627135670045391,0.0311412245500833,0.228481352794915,0.19,0.23,0.58,0.1
"229",1,0.627135670045391,0.0311412245500833,0.228481352794915,0.19,0.23,0.58,0.1
"230",0.21484375,0.627135670045391,0.0311412245500833,0.228481352794915,0.19,0.23,0.58,0.1
"231",0.26953125,0.627135670045391,0.0311412245500833,0.228481352794915,0.19,0.23,0.58,0.1
"232",0.17578125,0.627135670045391,0.0311412245500833,0.228481352794915,0.19,0.23,0.58,0.1
"233",0.15234375,0.627135670045391,0.0311412245500833,0.228481352794915,0.19,0.23,0.58,0.1
"234",0.1171875,0.627135670045391,0.0311412245500833,0.228481352794915,0.19,0.23,0.58,0.1
"235",1,0.627135670045391,0.0311412245500833,0.228481352794915,0.19,0.23,0.58,0.1
"236",0.1171875,0.627135670045391,0.0311412245500833,0.228481352794915,0.19,0.23,0.58,0.1
"237",0.51953125,0.627135670045391,0.0311412245500833,0.228481352794915,0.19,0.23,0.58,0.1
"238",0.1640625,0.627135670045391,0.0311412245500833,0.228481352794915,0.19,0.23,0.58,0.1
"239",0.21875,0.627135670045391,0.0311412245500833,0.228481352794915,0.19,0.23,0.58,0.1
"240",1,0.627135670045391,0.0311412245500833,0.228481352794915,0.19,0.23,0.58,0.1
"241",1,0.627135670045391,0.0311412245500833,0.228481352794915,0.19,0.23,0.58,0.1
"242",1,0.627135670045391,0.0311412245500833,0.228481352794915,0.19,0.23,0.58,0.1
"243",1,0.627135670045391,0.0311412245500833,0.228481352794915,0.19,0.23,0.58,0.1
"244",1,0.627135670045391,0.0311412245500833,0.228481352794915,0.19,0.23,0.58,0.1
"245",0.25390625,0.627135670045391,0.0311412245500833,0.228481352794915,0.19,0.23,0.58,0.1
"246",1,0.627135670045391,0.0311412245500833,0.228481352794915,0.19,0.23,0.58,0.1
"247",1,0.627135670045391,0.0311412245500833,0.228481352794915,0.19,0.23,0.58,0.1
"248",0.19921875,0.627135670045391,0.0311412245500833,0.228481352794915,0.19,0.23,0.58,0.1
"249",0.1484375,0.627135670045391,0.0311412245500833,0.228481352794915,0.19,0.23,0.58,0.1
"250",1,0.627135670045391,0.0311412245500833,0.228481352794915,0.19,0.23,0.58,0.1
"251",1,0.627135670045391,0.0311412245500833,0.228481352794915,0.19,0.23,0.58,0.1
"252",1,0.627135670045391,0.0311412245500833,0.228481352794915,0.19,0.23,0.58,0.1
"253",1,0.627135670045391,0.0311412245500833,0.228481352794915,0.19,0.23,0.58,0.1
"254",1,0.627135670045391,0.0311412245500833,0.228481352794915,0.19,0.23,0.58,0.1
"255",1,0.627135670045391,0.0311412245500833,0.228481352794915,0.19,0.23,0.58,0.1
"256",1,0.627135670045391,0.0311412245500833,0.228481352794915,0.19,0.23,0.58,0.1
"257",1,0.627135670045391,0.0311412245500833,0.228481352794915,0.19,0.23,0.58,0.1
"258",1,0.627135670045391,0.0311412245500833,0.228481352794915,0.19,0.23,0.58,0.1
"259",0.515625,0.627135670045391,0.0311412245500833,0.228481352794915,0.19,0.23,0.58,0.1
"260",0.32421875,0.627135670045391,0.0311412245500833,0.228481352794915,0.19,0.23,0.58,0.1
"261",0.68359375,0.627135670045391,0.0311412245500833,0.228481352794915,0.19,0.23,0.58,0.1
"262",0.18359375,0.627135670045391,0.0311412245500833,0.228481352794915,0.19,0.23,0.58,0.1
"263",0.12890625,0.627135670045391,0.0311412245500833,0.228481352794915,0.19,0.23,0.58,0.1
"264",1,0.627135670045391,0.0311412245500833,0.228481352794915,0.19,0.23,0.58,0.1
"265",1,0.627135670045391,0.0311412245500833,0.228481352794915,0.19,0.23,0.58,0.1
"266",1,0.627135670045391,0.0311412245500833,0.228481352794915,0.19,0.23,0.58,0.1
"267",1,0.627135670045391,0.0311412245500833,0.228481352794915,0.19,0.23,0.58,0.1
"268",1,0.627135670045391,0.0311412245500833,0.228481352794915,0.19,0.23,0.58,0.1
"269",1,0.627135670045391,0.0311412245500833,0.228481352794915,0.19,0.23,0.58,0.1
"270",0.2890625,0.627135670045391,0.0311412245500833,0.228481352794915,0.19,0.23,0.58,0.1
"271",0.0703125,0.627135670045391,0.0311412245500833,0.228481352794915,0.19,0.23,0.58,0.1
"272",1,0.627135670045391,0.0311412245500833,0.228481352794915,0.19,0.23,0.58,0.1
"273",0.31640625,0.627135670045391,0.0311412245500833,0.228481352794915,0.19,0.23,0.58,0.1
"274",0.33203125,0.627135670045391,0.0311412245500833,0.228481352794915,0.19,0.23,0.58,0.1
"275",1,0.627135670045391,0.0311412245500833,0.228481352794915,0.19,0.23,0.58,0.1
"276",1,0.627135670045391,0.0311412245500833,0.228481352794915,0.19,0.23,0.58,0.1
"277",1,0.627135670045391,0.0311412245500833,0.228481352794915,0.19,0.23,0.58,0.1
"278",1,0.627135670045391,0.0311412245500833,0.228481352794915,0.19,0.23,0.58,0.1
"279",1,0.627135670045391,0.0311412245500833,0.228481352794915,0.19,0.23,0.58,0.1
"280",0.2890625,0.627135670045391,0.0311412245500833,0.228481352794915,0.19,0.23,0.58,0.1
"281",0.23046875,0.627135670045391,0.0311412245500833,0.228481352794915,0.19,0.23,0.58,0.1
"282",1,0.627135670045391,0.0311412245500833,0.228481352794915,0.19,0.23,0.58,0.1
"283",1,0.627135670045391,0.0311412245500833,0.228481352794915,0.19,0.23,0.58,0.1
"284",1,0.627135670045391,0.0311412245500833,0.228481352794915,0.19,0.23,0.58,0.1
"285",1,0.627135670045391,0.0311412245500833,0.228481352794915,0.19,0.23,0.58,0.1
"286",1,0.627135670045391,0.0311412245500833,0.228481352794915,0.19,0.23,0.58,0.1
"287",1,0.627135670045391,0.0311412245500833,0.228481352794915,0.19,0.23,0.58,0.1
"288",0.21484375,0.627135670045391,0.0311412245500833,0.228481352794915,0.19,0.23,0.58,0.1
"289",1,0.627135670045391,0.0311412245500833,0.228481352794915,0.19,0.23,0.58,0.1
"290",1,0.627135670045391,0.0311412245500833,0.228481352794915,0.19,0.23,0.58,0.1
"291",0.2734375,0.627135670045391,0.0311412245500833,0.228481352794915,0.19,0.23,0.58,0.1
"292",0.203125,0.627135670045391,0.0311412245500833,0.228481352794915,0.19,0.23,0.58,0.1
"293",0.09765625,0.627135670045391,0.0311412245500833,0.228481352794915,0.19,0.23,0.58,0.1
"294",1,0.627135670045391,0.0311412245500833,0.228481352794915,0.19,0.23,0.58,0.1
"295",1,0.627135670045391,0.0311412245500833,0.228481352794915,0.19,0.23,0.58,0.1
"296",0.171875,0.627135670045391,0.0311412245500833,0.228481352794915,0.19,0.23,0.58,0.1
"297",0.49609375,0.627135670045391,0.0311412245500833,0.228481352794915,0.19,0.23,0.58,0.1
"298",1,0.627135670045391,0.0311412245500833,0.228481352794915,0.19,0.23,0.58,0.1
"299",1,0.627135670045391,0.0311412245500833,0.228481352794915,0.19,0.23,0.58,0.1
"300",1,0.627135670045391,0.0311412245500833,0.228481352794915,0.19,0.23,0.58,0.1
"301",1,0.538631547940895,0.0342627177014947,0.0232298474293202,0.28,0.15,0.57,0.1
"302",1,0.538631547940895,0.0342627177014947,0.0232298474293202,0.28,0.15,0.57,0.1
"303",0.171875,0.538631547940895,0.0342627177014947,0.0232298474293202,0.28,0.15,0.57,0.1
"304",0.546875,0.538631547940895,0.0342627177014947,0.0232298474293202,0.28,0.15,0.57,0.1
"305",0.1796875,0.538631547940895,0.0342627177014947,0.0232298474293202,0.28,0.15,0.57,0.1
"306",1,0.538631547940895,0.0342627177014947,0.0232298474293202,0.28,0.15,0.57,0.1
"307",1,0.538631547940895,0.0342627177014947,0.0232298474293202,0.28,0.15,0.57,0.1
"308",1,0.538631547940895,0.0342627177014947,0.0232298474293202,0.28,0.15,0.57,0.1
"309",1,0.538631547940895,0.0342627177014947,0.0232298474293202,0.28,0.15,0.57,0.1
"310",0.17578125,0.538631547940895,0.0342627177014947,0.0232298474293202,0.28,0.15,0.57,0.1
"311",1,0.538631547940895,0.0342627177014947,0.0232298474293202,0.28,0.15,0.57,0.1
"312",0.1171875,0.538631547940895,0.0342627177014947,0.0232298474293202,0.28,0.15,0.57,0.1
"313",1,0.538631547940895,0.0342627177014947,0.0232298474293202,0.28,0.15,0.57,0.1
"314",1,0.538631547940895,0.0342627177014947,0.0232298474293202,0.28,0.15,0.57,0.1
"315",1,0.538631547940895,0.0342627177014947,0.0232298474293202,0.28,0.15,0.57,0.1
"316",0.05078125,0.538631547940895,0.0342627177014947,0.0232298474293202,0.28,0.15,0.57,0.1
"317",1,0.538631547940895,0.0342627177014947,0.0232298474293202,0.28,0.15,0.57,0.1
"318",0.33203125,0.538631547940895,0.0342627177014947,0.0232298474293202,0.28,0.15,0.57,0.1
"319",1,0.538631547940895,0.0342627177014947,0.0232298474293202,0.28,0.15,0.57,0.1
"320",1,0.538631547940895,0.0342627177014947,0.0232298474293202,0.28,0.15,0.57,0.1
"321",1,0.538631547940895,0.0342627177014947,0.0232298474293202,0.28,0.15,0.57,0.1
"322",0.13671875,0.538631547940895,0.0342627177014947,0.0232298474293202,0.28,0.15,0.57,0.1
"323",1,0.538631547940895,0.0342627177014947,0.0232298474293202,0.28,0.15,0.57,0.1
"324",0.328125,0.538631547940895,0.0342627177014947,0.0232298474293202,0.28,0.15,0.57,0.1
"325",0.07421875,0.538631547940895,0.0342627177014947,0.0232298474293202,0.28,0.15,0.57,0.1
"326",1,0.538631547940895,0.0342627177014947,0.0232298474293202,0.28,0.15,0.57,0.1
"327",0.18359375,0.538631547940895,0.0342627177014947,0.0232298474293202,0.28,0.15,0.57,0.1
"328",0.1484375,0.538631547940895,0.0342627177014947,0.0232298474293202,0.28,0.15,0.57,0.1
"329",0.09765625,0.538631547940895,0.0342627177014947,0.0232298474293202,0.28,0.15,0.57,0.1
"330",1,0.538631547940895,0.0342627177014947,0.0232298474293202,0.28,0.15,0.57,0.1
"331",0.1328125,0.538631547940895,0.0342627177014947,0.0232298474293202,0.28,0.15,0.57,0.1
"332",1,0.538631547940895,0.0342627177014947,0.0232298474293202,0.28,0.15,0.57,0.1
"333",1,0.538631547940895,0.0342627177014947,0.0232298474293202,0.28,0.15,0.57,0.1
"334",0.37890625,0.538631547940895,0.0342627177014947,0.0232298474293202,0.28,0.15,0.57,0.1
"335",0.34765625,0.538631547940895,0.0342627177014947,0.0232298474293202,0.28,0.15,0.57,0.1
"336",1,0.538631547940895,0.0342627177014947,0.0232298474293202,0.28,0.15,0.57,0.1
"337",1,0.538631547940895,0.0342627177014947,0.0232298474293202,0.28,0.15,0.57,0.1
"338",0.12109375,0.538631547940895,0.0342627177014947,0.0232298474293202,0.28,0.15,0.57,0.1
"339",1,0.538631547940895,0.0342627177014947,0.0232298474293202,0.28,0.15,0.57,0.1
"340",1,0.538631547940895,0.0342627177014947,0.0232298474293202,0.28,0.15,0.57,0.1
"341",0.3203125,0.538631547940895,0.0342627177014947,0.0232298474293202,0.28,0.15,0.57,0.1
"342",1,0.538631547940895,0.0342627177014947,0.0232298474293202,0.28,0.15,0.57,0.1
"343",0.34765625,0.538631547940895,0.0342627177014947,0.0232298474293202,0.28,0.15,0.57,0.1
"344",0.18359375,0.538631547940895,0.0342627177014947,0.0232298474293202,0.28,0.15,0.57,0.1
"345",1,0.538631547940895,0.0342627177014947,0.0232298474293202,0.28,0.15,0.57,0.1
"346",0.2109375,0.538631547940895,0.0342627177014947,0.0232298474293202,0.28,0.15,0.57,0.1
"347",1,0.538631547940895,0.0342627177014947,0.0232298474293202,0.28,0.15,0.57,0.1
"348",1,0.538631547940895,0.0342627177014947,0.0232298474293202,0.28,0.15,0.57,0.1
"349",0.18359375,0.538631547940895,0.0342627177014947,0.0232298474293202,0.28,0.15,0.57,0.1
"350",0.15625,0.538631547940895,0.0342627177014947,0.0232298474293202,0.28,0.15,0.57,0.1
"351",1,0.538631547940895,0.0342627177014947,0.0232298474293202,0.28,0.15,0.57,0.1
"352",1,0.538631547940895,0.0342627177014947,0.0232298474293202,0.28,0.15,0.57,0.1
"353",1,0.538631547940895,0.0342627177014947,0.0232298474293202,0.28,0.15,0.57,0.1
"354",1,0.538631547940895,0.0342627177014947,0.0232298474293202,0.28,0.15,0.57,0.1
"355",0.60546875,0.538631547940895,0.0342627177014947,0.0232298474293202,0.28,0.15,0.57,0.1
"356",0.11328125,0.538631547940895,0.0342627177014947,0.0232298474293202,0.28,0.15,0.57,0.1
"357",0.10546875,0.538631547940895,0.0342627177014947,0.0232298474293202,0.28,0.15,0.57,0.1
"358",1,0.538631547940895,0.0342627177014947,0.0232298474293202,0.28,0.15,0.57,0.1
"359",1,0.538631547940895,0.0342627177014947,0.0232298474293202,0.28,0.15,0.57,0.1
"360",1,0.538631547940895,0.0342627177014947,0.0232298474293202,0.28,0.15,0.57,0.1
"361",0.3125,0.538631547940895,0.0342627177014947,0.0232298474293202,0.28,0.15,0.57,0.1
"362",1,0.538631547940895,0.0342627177014947,0.0232298474293202,0.28,0.15,0.57,0.1
"363",0.17578125,0.538631547940895,0.0342627177014947,0.0232298474293202,0.28,0.15,0.57,0.1
"364",1,0.538631547940895,0.0342627177014947,0.0232298474293202,0.28,0.15,0.57,0.1
"365",1,0.538631547940895,0.0342627177014947,0.0232298474293202,0.28,0.15,0.57,0.1
"366",1,0.538631547940895,0.0342627177014947,0.0232298474293202,0.28,0.15,0.57,0.1
"367",0.26953125,0.538631547940895,0.0342627177014947,0.0232298474293202,0.28,0.15,0.57,0.1
"368",1,0.538631547940895,0.0342627177014947,0.0232298474293202,0.28,0.15,0.57,0.1
"369",1,0.538631547940895,0.0342627177014947,0.0232298474293202,0.28,0.15,0.57,0.1
"370",0.20703125,0.538631547940895,0.0342627177014947,0.0232298474293202,0.28,0.15,0.57,0.1
"371",1,0.538631547940895,0.0342627177014947,0.0232298474293202,0.28,0.15,0.57,0.1
"372",0.203125,0.538631547940895,0.0342627177014947,0.0232298474293202,0.28,0.15,0.57,0.1
"373",1,0.538631547940895,0.0342627177014947,0.0232298474293202,0.28,0.15,0.57,0.1
"374",0.3671875,0.538631547940895,0.0342627177014947,0.0232298474293202,0.28,0.15,0.57,0.1
"375",1,0.538631547940895,0.0342627177014947,0.0232298474293202,0.28,0.15,0.57,0.1
"376",1,0.538631547940895,0.0342627177014947,0.0232298474293202,0.28,0.15,0.57,0.1
"377",1,0.538631547940895,0.0342627177014947,0.0232298474293202,0.28,0.15,0.57,0.1
"378",0.33984375,0.538631547940895,0.0342627177014947,0.0232298474293202,0.28,0.15,0.57,0.1
"379",1,0.538631547940895,0.0342627177014947,0.0232298474293202,0.28,0.15,0.57,0.1
"380",0.13671875,0.538631547940895,0.0342627177014947,0.0232298474293202,0.28,0.15,0.57,0.1
"381",1,0.538631547940895,0.0342627177014947,0.0232298474293202,0.28,0.15,0.57,0.1
"382",1,0.538631547940895,0.0342627177014947,0.0232298474293202,0.28,0.15,0.57,0.1
"383",0.3203125,0.538631547940895,0.0342627177014947,0.0232298474293202,0.28,0.15,0.57,0.1
"384",1,0.538631547940895,0.0342627177014947,0.0232298474293202,0.28,0.15,0.57,0.1
"385",0.15625,0.538631547940895,0.0342627177014947,0.0232298474293202,0.28,0.15,0.57,0.1
"386",0.05859375,0.538631547940895,0.0342627177014947,0.0232298474293202,0.28,0.15,0.57,0.1
"387",0.609375,0.538631547940895,0.0342627177014947,0.0232298474293202,0.28,0.15,0.57,0.1
"388",1,0.538631547940895,0.0342627177014947,0.0232298474293202,0.28,0.15,0.57,0.1
"389",0.18359375,0.538631547940895,0.0342627177014947,0.0232298474293202,0.28,0.15,0.57,0.1
"390",1,0.538631547940895,0.0342627177014947,0.0232298474293202,0.28,0.15,0.57,0.1
"391",1,0.538631547940895,0.0342627177014947,0.0232298474293202,0.28,0.15,0.57,0.1
"392",1,0.538631547940895,0.0342627177014947,0.0232298474293202,0.28,0.15,0.57,0.1
"393",0.09375,0.538631547940895,0.0342627177014947,0.0232298474293202,0.28,0.15,0.57,0.1
"394",1,0.538631547940895,0.0342627177014947,0.0232298474293202,0.28,0.15,0.57,0.1
"395",0.21484375,0.538631547940895,0.0342627177014947,0.0232298474293202,0.28,0.15,0.57,0.1
"396",0.34765625,0.538631547940895,0.0342627177014947,0.0232298474293202,0.28,0.15,0.57,0.1
"397",1,0.538631547940895,0.0342627177014947,0.0232298474293202,0.28,0.15,0.57,0.1
"398",1,0.538631547940895,0.0342627177014947,0.0232298474293202,0.28,0.15,0.57,0.1
"399",1,0.538631547940895,0.0342627177014947,0.0232298474293202,0.28,0.15,0.57,0.1
"400",0.08203125,0.538631547940895,0.0342627177014947,0.0232298474293202,0.28,0.15,0.57,0.1
"401",1,0.502183930249885,0.0317235181573778,0.0447705634869635,0.27,0.23,0.5,0.1
"402",0.4296875,0.502183930249885,0.0317235181573778,0.0447705634869635,0.27,0.23,0.5,0.1
"403",1,0.502183930249885,0.0317235181573778,0.0447705634869635,0.27,0.23,0.5,0.1
"404",0.0625,0.502183930249885,0.0317235181573778,0.0447705634869635,0.27,0.23,0.5,0.1
"405",1,0.502183930249885,0.0317235181573778,0.0447705634869635,0.27,0.23,0.5,0.1
"406",0.125,0.502183930249885,0.0317235181573778,0.0447705634869635,0.27,0.23,0.5,0.1
"407",0.16796875,0.502183930249885,0.0317235181573778,0.0447705634869635,0.27,0.23,0.5,0.1
"408",1,0.502183930249885,0.0317235181573778,0.0447705634869635,0.27,0.23,0.5,0.1
"409",1,0.502183930249885,0.0317235181573778,0.0447705634869635,0.27,0.23,0.5,0.1
"410",1,0.502183930249885,0.0317235181573778,0.0447705634869635,0.27,0.23,0.5,0.1
"411",0.4375,0.502183930249885,0.0317235181573778,0.0447705634869635,0.27,0.23,0.5,0.1
"412",1,0.502183930249885,0.0317235181573778,0.0447705634869635,0.27,0.23,0.5,0.1
"413",1,0.502183930249885,0.0317235181573778,0.0447705634869635,0.27,0.23,0.5,0.1
"414",1,0.502183930249885,0.0317235181573778,0.0447705634869635,0.27,0.23,0.5,0.1
"415",0.09375,0.502183930249885,0.0317235181573778,0.0447705634869635,0.27,0.23,0.5,0.1
"416",1,0.502183930249885,0.0317235181573778,0.0447705634869635,0.27,0.23,0.5,0.1
"417",1,0.502183930249885,0.0317235181573778,0.0447705634869635,0.27,0.23,0.5,0.1
"418",1,0.502183930249885,0.0317235181573778,0.0447705634869635,0.27,0.23,0.5,0.1
"419",1,0.502183930249885,0.0317235181573778,0.0447705634869635,0.27,0.23,0.5,0.1
"420",0.24609375,0.502183930249885,0.0317235181573778,0.0447705634869635,0.27,0.23,0.5,0.1
"421",0.23046875,0.502183930249885,0.0317235181573778,0.0447705634869635,0.27,0.23,0.5,0.1
"422",0.29296875,0.502183930249885,0.0317235181573778,0.0447705634869635,0.27,0.23,0.5,0.1
"423",1,0.502183930249885,0.0317235181573778,0.0447705634869635,0.27,0.23,0.5,0.1
"424",1,0.502183930249885,0.0317235181573778,0.0447705634869635,0.27,0.23,0.5,0.1
"425",0.19140625,0.502183930249885,0.0317235181573778,0.0447705634869635,0.27,0.23,0.5,0.1
"426",0.18359375,0.502183930249885,0.0317235181573778,0.0447705634869635,0.27,0.23,0.5,0.1
"427",0.27734375,0.502183930249885,0.0317235181573778,0.0447705634869635,0.27,0.23,0.5,0.1
"428",0.13671875,0.502183930249885,0.0317235181573778,0.0447705634869635,0.27,0.23,0.5,0.1
"429",0.08984375,0.502183930249885,0.0317235181573778,0.0447705634869635,0.27,0.23,0.5,0.1
"430",0.2734375,0.502183930249885,0.0317235181573778,0.0447705634869635,0.27,0.23,0.5,0.1
"431",1,0.502183930249885,0.0317235181573778,0.0447705634869635,0.27,0.23,0.5,0.1
"432",1,0.502183930249885,0.0317235181573778,0.0447705634869635,0.27,0.23,0.5,0.1
"433",1,0.502183930249885,0.0317235181573778,0.0447705634869635,0.27,0.23,0.5,0.1
"434",1,0.502183930249885,0.0317235181573778,0.0447705634869635,0.27,0.23,0.5,0.1
"435",1,0.502183930249885,0.0317235181573778,0.0447705634869635,0.27,0.23,0.5,0.1
"436",0.55859375,0.502183930249885,0.0317235181573778,0.0447705634869635,0.27,0.23,0.5,0.1
"437",0.20703125,0.502183930249885,0.0317235181573778,0.0447705634869635,0.27,0.23,0.5,0.1
"438",1,0.502183930249885,0.0317235181573778,0.0447705634869635,0.27,0.23,0.5,0.1
"439",1,0.502183930249885,0.0317235181573778,0.0447705634869635,0.27,0.23,0.5,0.1
"440",1,0.502183930249885,0.0317235181573778,0.0447705634869635,0.27,0.23,0.5,0.1
"441",1,0.502183930249885,0.0317235181573778,0.0447705634869635,0.27,0.23,0.5,0.1
"442",1,0.502183930249885,0.0317235181573778,0.0447705634869635,0.27,0.23,0.5,0.1
"443",0.078125,0.502183930249885,0.0317235181573778,0.0447705634869635,0.27,0.23,0.5,0.1
"444",0.125,0.502183930249885,0.0317235181573778,0.0447705634869635,0.27,0.23,0.5,0.1
"445",1,0.502183930249885,0.0317235181573778,0.0447705634869635,0.27,0.23,0.5,0.1
"446",1,0.502183930249885,0.0317235181573778,0.0447705634869635,0.27,0.23,0.5,0.1
"447",0.22265625,0.502183930249885,0.0317235181573778,0.0447705634869635,0.27,0.23,0.5,0.1
"448",0.12890625,0.502183930249885,0.0317235181573778,0.0447705634869635,0.27,0.23,0.5,0.1
"449",1,0.502183930249885,0.0317235181573778,0.0447705634869635,0.27,0.23,0.5,0.1
"450",0.2265625,0.502183930249885,0.0317235181573778,0.0447705634869635,0.27,0.23,0.5,0.1
"451",0.22265625,0.502183930249885,0.0317235181573778,0.0447705634869635,0.27,0.23,0.5,0.1
"452",1,0.502183930249885,0.0317235181573778,0.0447705634869635,0.27,0.23,0.5,0.1
"453",0.27734375,0.502183930249885,0.0317235181573778,0.0447705634869635,0.27,0.23,0.5,0.1
"454",0.109375,0.502183930249885,0.0317235181573778,0.0447705634869635,0.27,0.23,0.5,0.1
"455",0.31640625,0.502183930249885,0.0317235181573778,0.0447705634869635,0.27,0.23,0.5,0.1
"456",0.28515625,0.502183930249885,0.0317235181573778,0.0447705634869635,0.27,0.23,0.5,0.1
"457",0.6640625,0.502183930249885,0.0317235181573778,0.0447705634869635,0.27,0.23,0.5,0.1
"458",1,0.502183930249885,0.0317235181573778,0.0447705634869635,0.27,0.23,0.5,0.1
"459",0.140625,0.502183930249885,0.0317235181573778,0.0447705634869635,0.27,0.23,0.5,0.1
"460",1,0.502183930249885,0.0317235181573778,0.0447705634869635,0.27,0.23,0.5,0.1
"461",0.14453125,0.502183930249885,0.0317235181573778,0.0447705634869635,0.27,0.23,0.5,0.1
"462",1,0.502183930249885,0.0317235181573778,0.0447705634869635,0.27,0.23,0.5,0.1
"463",0.10546875,0.502183930249885,0.0317235181573778,0.0447705634869635,0.27,0.23,0.5,0.1
"464",0.1171875,0.502183930249885,0.0317235181573778,0.0447705634869635,0.27,0.23,0.5,0.1
"465",0.109375,0.502183930249885,0.0317235181573778,0.0447705634869635,0.27,0.23,0.5,0.1
"466",0.67578125,0.502183930249885,0.0317235181573778,0.0447705634869635,0.27,0.23,0.5,0.1
"467",1,0.502183930249885,0.0317235181573778,0.0447705634869635,0.27,0.23,0.5,0.1
"468",0.1484375,0.502183930249885,0.0317235181573778,0.0447705634869635,0.27,0.23,0.5,0.1
"469",1,0.502183930249885,0.0317235181573778,0.0447705634869635,0.27,0.23,0.5,0.1
"470",0.171875,0.502183930249885,0.0317235181573778,0.0447705634869635,0.27,0.23,0.5,0.1
"471",0.19921875,0.502183930249885,0.0317235181573778,0.0447705634869635,0.27,0.23,0.5,0.1
"472",0.09375,0.502183930249885,0.0317235181573778,0.0447705634869635,0.27,0.23,0.5,0.1
"473",1,0.502183930249885,0.0317235181573778,0.0447705634869635,0.27,0.23,0.5,0.1
"474",0.40234375,0.502183930249885,0.0317235181573778,0.0447705634869635,0.27,0.23,0.5,0.1
"475",1,0.502183930249885,0.0317235181573778,0.0447705634869635,0.27,0.23,0.5,0.1
"476",0.14453125,0.502183930249885,0.0317235181573778,0.0447705634869635,0.27,0.23,0.5,0.1
"477",0.2734375,0.502183930249885,0.0317235181573778,0.0447705634869635,0.27,0.23,0.5,0.1
"478",0.20703125,0.502183930249885,0.0317235181573778,0.0447705634869635,0.27,0.23,0.5,0.1
"479",1,0.502183930249885,0.0317235181573778,0.0447705634869635,0.27,0.23,0.5,0.1
"480",1,0.502183930249885,0.0317235181573778,0.0447705634869635,0.27,0.23,0.5,0.1
"481",0.67578125,0.502183930249885,0.0317235181573778,0.0447705634869635,0.27,0.23,0.5,0.1
"482",1,0.502183930249885,0.0317235181573778,0.0447705634869635,0.27,0.23,0.5,0.1
"483",1,0.502183930249885,0.0317235181573778,0.0447705634869635,0.27,0.23,0.5,0.1
"484",0.11328125,0.502183930249885,0.0317235181573778,0.0447705634869635,0.27,0.23,0.5,0.1
"485",1,0.502183930249885,0.0317235181573778,0.0447705634869635,0.27,0.23,0.5,0.1
"486",0.46484375,0.502183930249885,0.0317235181573778,0.0447705634869635,0.27,0.23,0.5,0.1
"487",0.125,0.502183930249885,0.0317235181573778,0.0447705634869635,0.27,0.23,0.5,0.1
"488",0.359375,0.502183930249885,0.0317235181573778,0.0447705634869635,0.27,0.23,0.5,0.1
"489",0.3203125,0.502183930249885,0.0317235181573778,0.0447705634869635,0.27,0.23,0.5,0.1
"490",1,0.502183930249885,0.0317235181573778,0.0447705634869635,0.27,0.23,0.5,0.1
"491",1,0.502183930249885,0.0317235181573778,0.0447705634869635,0.27,0.23,0.5,0.1
"492",1,0.502183930249885,0.0317235181573778,0.0447705634869635,0.27,0.23,0.5,0.1
"493",0.203125,0.502183930249885,0.0317235181573778,0.0447705634869635,0.27,0.23,0.5,0.1
"494",0.10546875,0.502183930249885,0.0317235181573778,0.0447705634869635,0.27,0.23,0.5,0.1
"495",1,0.502183930249885,0.0317235181573778,0.0447705634869635,0.27,0.23,0.5,0.1
"496",1,0.502183930249885,0.0317235181573778,0.0447705634869635,0.27,0.23,0.5,0.1
"497",0.15234375,0.502183930249885,0.0317235181573778,0.0447705634869635,0.27,0.23,0.5,0.1
"498",1,0.502183930249885,0.0317235181573778,0.0447705634869635,0.27,0.23,0.5,0.1
"499",0.55859375,0.502183930249885,0.0317235181573778,0.0447705634869635,0.27,0.23,0.5,0.1
"500",1,0.502183930249885,0.0317235181573778,0.0447705634869635,0.27,0.23,0.5,0.1
"501",1,0.528314956463873,0.0138848668430001,0.232029578182846,0.4,0.1,0.5,0.1
"502",1,0.528314956463873,0.0138848668430001,0.232029578182846,0.4,0.1,0.5,0.1
"503",0.06640625,0.528314956463873,0.0138848668430001,0.232029578182846,0.4,0.1,0.5,0.1
"504",0.05078125,0.528314956463873,0.0138848668430001,0.232029578182846,0.4,0.1,0.5,0.1
"505",0.05859375,0.528314956463873,0.0138848668430001,0.232029578182846,0.4,0.1,0.5,0.1
"506",1,0.528314956463873,0.0138848668430001,0.232029578182846,0.4,0.1,0.5,0.1
"507",1,0.528314956463873,0.0138848668430001,0.232029578182846,0.4,0.1,0.5,0.1
"508",1,0.528314956463873,0.0138848668430001,0.232029578182846,0.4,0.1,0.5,0.1
"509",1,0.528314956463873,0.0138848668430001,0.232029578182846,0.4,0.1,0.5,0.1
"510",1,0.528314956463873,0.0138848668430001,0.232029578182846,0.4,0.1,0.5,0.1
"511",0.07421875,0.528314956463873,0.0138848668430001,0.232029578182846,0.4,0.1,0.5,0.1
"512",1,0.528314956463873,0.0138848668430001,0.232029578182846,0.4,0.1,0.5,0.1
"513",0.01953125,0.528314956463873,0.0138848668430001,0.232029578182846,0.4,0.1,0.5,0.1
"514",0.0703125,0.528314956463873,0.0138848668430001,0.232029578182846,0.4,0.1,0.5,0.1
"515",0.0546875,0.528314956463873,0.0138848668430001,0.232029578182846,0.4,0.1,0.5,0.1
"516",0.109375,0.528314956463873,0.0138848668430001,0.232029578182846,0.4,0.1,0.5,0.1
"517",1,0.528314956463873,0.0138848668430001,0.232029578182846,0.4,0.1,0.5,0.1
"518",0.078125,0.528314956463873,0.0138848668430001,0.232029578182846,0.4,0.1,0.5,0.1
"519",1,0.528314956463873,0.0138848668430001,0.232029578182846,0.4,0.1,0.5,0.1
"520",0.04296875,0.528314956463873,0.0138848668430001,0.232029578182846,0.4,0.1,0.5,0.1
"521",1,0.528314956463873,0.0138848668430001,0.232029578182846,0.4,0.1,0.5,0.1
"522",1,0.528314956463873,0.0138848668430001,0.232029578182846,0.4,0.1,0.5,0.1
"523",0.14453125,0.528314956463873,0.0138848668430001,0.232029578182846,0.4,0.1,0.5,0.1
"524",1,0.528314956463873,0.0138848668430001,0.232029578182846,0.4,0.1,0.5,0.1
"525",0.05078125,0.528314956463873,0.0138848668430001,0.232029578182846,0.4,0.1,0.5,0.1
"526",0.140625,0.528314956463873,0.0138848668430001,0.232029578182846,0.4,0.1,0.5,0.1
"527",1,0.528314956463873,0.0138848668430001,0.232029578182846,0.4,0.1,0.5,0.1
"528",1,0.528314956463873,0.0138848668430001,0.232029578182846,0.4,0.1,0.5,0.1
"529",1,0.528314956463873,0.0138848668430001,0.232029578182846,0.4,0.1,0.5,0.1
"530",0.01953125,0.528314956463873,0.0138848668430001,0.232029578182846,0.4,0.1,0.5,0.1
"531",1,0.528314956463873,0.0138848668430001,0.232029578182846,0.4,0.1,0.5,0.1
"532",0.05078125,0.528314956463873,0.0138848668430001,0.232029578182846,0.4,0.1,0.5,0.1
"533",1,0.528314956463873,0.0138848668430001,0.232029578182846,0.4,0.1,0.5,0.1
"534",0.09375,0.528314956463873,0.0138848668430001,0.232029578182846,0.4,0.1,0.5,0.1
"535",0.3671875,0.528314956463873,0.0138848668430001,0.232029578182846,0.4,0.1,0.5,0.1
"536",1,0.528314956463873,0.0138848668430001,0.232029578182846,0.4,0.1,0.5,0.1
"537",1,0.528314956463873,0.0138848668430001,0.232029578182846,0.4,0.1,0.5,0.1
"538",0.19140625,0.528314956463873,0.0138848668430001,0.232029578182846,0.4,0.1,0.5,0.1
"539",1,0.528314956463873,0.0138848668430001,0.232029578182846,0.4,0.1,0.5,0.1
"540",1,0.528314956463873,0.0138848668430001,0.232029578182846,0.4,0.1,0.5,0.1
"541",0.01171875,0.528314956463873,0.0138848668430001,0.232029578182846,0.4,0.1,0.5,0.1
"542",1,0.528314956463873,0.0138848668430001,0.232029578182846,0.4,0.1,0.5,0.1
"543",1,0.528314956463873,0.0138848668430001,0.232029578182846,0.4,0.1,0.5,0.1
"544",0.0546875,0.528314956463873,0.0138848668430001,0.232029578182846,0.4,0.1,0.5,0.1
"545",0.55859375,0.528314956463873,0.0138848668430001,0.232029578182846,0.4,0.1,0.5,0.1
"546",1,0.528314956463873,0.0138848668430001,0.232029578182846,0.4,0.1,0.5,0.1
"547",1,0.528314956463873,0.0138848668430001,0.232029578182846,0.4,0.1,0.5,0.1
"548",0.1171875,0.528314956463873,0.0138848668430001,0.232029578182846,0.4,0.1,0.5,0.1
"549",0.03515625,0.528314956463873,0.0138848668430001,0.232029578182846,0.4,0.1,0.5,0.1
"550",1,0.528314956463873,0.0138848668430001,0.232029578182846,0.4,0.1,0.5,0.1
"551",1,0.528314956463873,0.0138848668430001,0.232029578182846,0.4,0.1,0.5,0.1
"552",1,0.528314956463873,0.0138848668430001,0.232029578182846,0.4,0.1,0.5,0.1
"553",0.05078125,0.528314956463873,0.0138848668430001,0.232029578182846,0.4,0.1,0.5,0.1
"554",1,0.528314956463873,0.0138848668430001,0.232029578182846,0.4,0.1,0.5,0.1
"555",0.06640625,0.528314956463873,0.0138848668430001,0.232029578182846,0.4,0.1,0.5,0.1
"556",0.03515625,0.528314956463873,0.0138848668430001,0.232029578182846,0.4,0.1,0.5,0.1
"557",1,0.528314956463873,0.0138848668430001,0.232029578182846,0.4,0.1,0.5,0.1
"558",0.0078125,0.528314956463873,0.0138848668430001,0.232029578182846,0.4,0.1,0.5,0.1
"559",1,0.528314956463873,0.0138848668430001,0.232029578182846,0.4,0.1,0.5,0.1
"560",0.15625,0.528314956463873,0.0138848668430001,0.232029578182846,0.4,0.1,0.5,0.1
"561",1,0.528314956463873,0.0138848668430001,0.232029578182846,0.4,0.1,0.5,0.1
"562",0.0703125,0.528314956463873,0.0138848668430001,0.232029578182846,0.4,0.1,0.5,0.1
"563",1,0.528314956463873,0.0138848668430001,0.232029578182846,0.4,0.1,0.5,0.1
"564",1,0.528314956463873,0.0138848668430001,0.232029578182846,0.4,0.1,0.5,0.1
"565",1,0.528314956463873,0.0138848668430001,0.232029578182846,0.4,0.1,0.5,0.1
"566",0.109375,0.528314956463873,0.0138848668430001,0.232029578182846,0.4,0.1,0.5,0.1
"567",0.07421875,0.528314956463873,0.0138848668430001,0.232029578182846,0.4,0.1,0.5,0.1
"568",1,0.528314956463873,0.0138848668430001,0.232029578182846,0.4,0.1,0.5,0.1
"569",1,0.528314956463873,0.0138848668430001,0.232029578182846,0.4,0.1,0.5,0.1
"570",1,0.528314956463873,0.0138848668430001,0.232029578182846,0.4,0.1,0.5,0.1
"571",1,0.528314956463873,0.0138848668430001,0.232029578182846,0.4,0.1,0.5,0.1
"572",0.10546875,0.528314956463873,0.0138848668430001,0.232029578182846,0.4,0.1,0.5,0.1
"573",0.0546875,0.528314956463873,0.0138848668430001,0.232029578182846,0.4,0.1,0.5,0.1
"574",0.13671875,0.528314956463873,0.0138848668430001,0.232029578182846,0.4,0.1,0.5,0.1
"575",0.1328125,0.528314956463873,0.0138848668430001,0.232029578182846,0.4,0.1,0.5,0.1
"576",1,0.528314956463873,0.0138848668430001,0.232029578182846,0.4,0.1,0.5,0.1
"577",0.0703125,0.528314956463873,0.0138848668430001,0.232029578182846,0.4,0.1,0.5,0.1
"578",0.04296875,0.528314956463873,0.0138848668430001,0.232029578182846,0.4,0.1,0.5,0.1
"579",1,0.528314956463873,0.0138848668430001,0.232029578182846,0.4,0.1,0.5,0.1
"580",1,0.528314956463873,0.0138848668430001,0.232029578182846,0.4,0.1,0.5,0.1
"581",0.12890625,0.528314956463873,0.0138848668430001,0.232029578182846,0.4,0.1,0.5,0.1
"582",0.078125,0.528314956463873,0.0138848668430001,0.232029578182846,0.4,0.1,0.5,0.1
"583",0.05078125,0.528314956463873,0.0138848668430001,0.232029578182846,0.4,0.1,0.5,0.1
"584",1,0.528314956463873,0.0138848668430001,0.232029578182846,0.4,0.1,0.5,0.1
"585",1,0.528314956463873,0.0138848668430001,0.232029578182846,0.4,0.1,0.5,0.1
"586",0.08984375,0.528314956463873,0.0138848668430001,0.232029578182846,0.4,0.1,0.5,0.1
"587",0.06640625,0.528314956463873,0.0138848668430001,0.232029578182846,0.4,0.1,0.5,0.1
"588",1,0.528314956463873,0.0138848668430001,0.232029578182846,0.4,0.1,0.5,0.1
"589",0.015625,0.528314956463873,0.0138848668430001,0.232029578182846,0.4,0.1,0.5,0.1
"590",0.0546875,0.528314956463873,0.0138848668430001,0.232029578182846,0.4,0.1,0.5,0.1
"591",0.546875,0.528314956463873,0.0138848668430001,0.232029578182846,0.4,0.1,0.5,0.1
"592",0.0390625,0.528314956463873,0.0138848668430001,0.232029578182846,0.4,0.1,0.5,0.1
"593",0.0234375,0.528314956463873,0.0138848668430001,0.232029578182846,0.4,0.1,0.5,0.1
"594",0.07421875,0.528314956463873,0.0138848668430001,0.232029578182846,0.4,0.1,0.5,0.1
"595",0.16015625,0.528314956463873,0.0138848668430001,0.232029578182846,0.4,0.1,0.5,0.1
"596",1,0.528314956463873,0.0138848668430001,0.232029578182846,0.4,0.1,0.5,0.1
"597",1,0.528314956463873,0.0138848668430001,0.232029578182846,0.4,0.1,0.5,0.1
"598",0.0703125,0.528314956463873,0.0138848668430001,0.232029578182846,0.4,0.1,0.5,0.1
"599",1,0.528314956463873,0.0138848668430001,0.232029578182846,0.4,0.1,0.5,0.1
"600",1,0.528314956463873,0.0138848668430001,0.232029578182846,0.4,0.1,0.5,0.1
"601",1,0.509835724951699,0.00942577910609543,0.304274230264127,0.43,0.08,0.49,0.1
"602",0.03125,0.509835724951699,0.00942577910609543,0.304274230264127,0.43,0.08,0.49,0.1
"603",1,0.509835724951699,0.00942577910609543,0.304274230264127,0.43,0.08,0.49,0.1
"604",1,0.509835724951699,0.00942577910609543,0.304274230264127,0.43,0.08,0.49,0.1
"605",0.03515625,0.509835724951699,0.00942577910609543,0.304274230264127,0.43,0.08,0.49,0.1
"606",0.01953125,0.509835724951699,0.00942577910609543,0.304274230264127,0.43,0.08,0.49,0.1
"607",1,0.509835724951699,0.00942577910609543,0.304274230264127,0.43,0.08,0.49,0.1
"608",0.03515625,0.509835724951699,0.00942577910609543,0.304274230264127,0.43,0.08,0.49,0.1
"609",1,0.509835724951699,0.00942577910609543,0.304274230264127,0.43,0.08,0.49,0.1
"610",0.02734375,0.509835724951699,0.00942577910609543,0.304274230264127,0.43,0.08,0.49,0.1
"611",0.203125,0.509835724951699,0.00942577910609543,0.304274230264127,0.43,0.08,0.49,0.1
"612",1,0.509835724951699,0.00942577910609543,0.304274230264127,0.43,0.08,0.49,0.1
"613",1,0.509835724951699,0.00942577910609543,0.304274230264127,0.43,0.08,0.49,0.1
"614",1,0.509835724951699,0.00942577910609543,0.304274230264127,0.43,0.08,0.49,0.1
"615",1,0.509835724951699,0.00942577910609543,0.304274230264127,0.43,0.08,0.49,0.1
"616",1,0.509835724951699,0.00942577910609543,0.304274230264127,0.43,0.08,0.49,0.1
"617",0.015625,0.509835724951699,0.00942577910609543,0.304274230264127,0.43,0.08,0.49,0.1
"618",0.05859375,0.509835724951699,0.00942577910609543,0.304274230264127,0.43,0.08,0.49,0.1
"619",0.01953125,0.509835724951699,0.00942577910609543,0.304274230264127,0.43,0.08,0.49,0.1
"620",1,0.509835724951699,0.00942577910609543,0.304274230264127,0.43,0.08,0.49,0.1
"621",1,0.509835724951699,0.00942577910609543,0.304274230264127,0.43,0.08,0.49,0.1
"622",1,0.509835724951699,0.00942577910609543,0.304274230264127,0.43,0.08,0.49,0.1
"623",1,0.509835724951699,0.00942577910609543,0.304274230264127,0.43,0.08,0.49,0.1
"624",0.19140625,0.509835724951699,0.00942577910609543,0.304274230264127,0.43,0.08,0.49,0.1
"625",1,0.509835724951699,0.00942577910609543,0.304274230264127,0.43,0.08,0.49,0.1
"626",1,0.509835724951699,0.00942577910609543,0.304274230264127,0.43,0.08,0.49,0.1
"627",0.03515625,0.509835724951699,0.00942577910609543,0.304274230264127,0.43,0.08,0.49,0.1
"628",0.01171875,0.509835724951699,0.00942577910609543,0.304274230264127,0.43,0.08,0.49,0.1
"629",1,0.509835724951699,0.00942577910609543,0.304274230264127,0.43,0.08,0.49,0.1
"630",0.14453125,0.509835724951699,0.00942577910609543,0.304274230264127,0.43,0.08,0.49,0.1
"631",0.03125,0.509835724951699,0.00942577910609543,0.304274230264127,0.43,0.08,0.49,0.1
"632",1,0.509835724951699,0.00942577910609543,0.304274230264127,0.43,0.08,0.49,0.1
"633",1,0.509835724951699,0.00942577910609543,0.304274230264127,0.43,0.08,0.49,0.1
"634",1,0.509835724951699,0.00942577910609543,0.304274230264127,0.43,0.08,0.49,0.1
"635",1,0.509835724951699,0.00942577910609543,0.304274230264127,0.43,0.08,0.49,0.1
"636",1,0.509835724951699,0.00942577910609543,0.304274230264127,0.43,0.08,0.49,0.1
"637",1,0.509835724951699,0.00942577910609543,0.304274230264127,0.43,0.08,0.49,0.1
"638",0.02734375,0.509835724951699,0.00942577910609543,0.304274230264127,0.43,0.08,0.49,0.1
"639",1,0.509835724951699,0.00942577910609543,0.304274230264127,0.43,0.08,0.49,0.1
"640",0.0078125,0.509835724951699,0.00942577910609543,0.304274230264127,0.43,0.08,0.49,0.1
"641",1,0.509835724951699,0.00942577910609543,0.304274230264127,0.43,0.08,0.49,0.1
"642",0.26953125,0.509835724951699,0.00942577910609543,0.304274230264127,0.43,0.08,0.49,0.1
"643",0.01953125,0.509835724951699,0.00942577910609543,0.304274230264127,0.43,0.08,0.49,0.1
"644",0.03125,0.509835724951699,0.00942577910609543,0.304274230264127,0.43,0.08,0.49,0.1
"645",0.4140625,0.509835724951699,0.00942577910609543,0.304274230264127,0.43,0.08,0.49,0.1
"646",0.0078125,0.509835724951699,0.00942577910609543,0.304274230264127,0.43,0.08,0.49,0.1
"647",0.02734375,0.509835724951699,0.00942577910609543,0.304274230264127,0.43,0.08,0.49,0.1
"648",1,0.509835724951699,0.00942577910609543,0.304274230264127,0.43,0.08,0.49,0.1
"649",1,0.509835724951699,0.00942577910609543,0.304274230264127,0.43,0.08,0.49,0.1
"650",0.01953125,0.509835724951699,0.00942577910609543,0.304274230264127,0.43,0.08,0.49,0.1
"651",0.05859375,0.509835724951699,0.00942577910609543,0.304274230264127,0.43,0.08,0.49,0.1
"652",0.02734375,0.509835724951699,0.00942577910609543,0.304274230264127,0.43,0.08,0.49,0.1
"653",1,0.509835724951699,0.00942577910609543,0.304274230264127,0.43,0.08,0.49,0.1
"654",0.0859375,0.509835724951699,0.00942577910609543,0.304274230264127,0.43,0.08,0.49,0.1
"655",0.15625,0.509835724951699,0.00942577910609543,0.304274230264127,0.43,0.08,0.49,0.1
"656",0.13671875,0.509835724951699,0.00942577910609543,0.304274230264127,0.43,0.08,0.49,0.1
"657",1,0.509835724951699,0.00942577910609543,0.304274230264127,0.43,0.08,0.49,0.1
"658",1,0.509835724951699,0.00942577910609543,0.304274230264127,0.43,0.08,0.49,0.1
"659",0.0625,0.509835724951699,0.00942577910609543,0.304274230264127,0.43,0.08,0.49,0.1
"660",1,0.509835724951699,0.00942577910609543,0.304274230264127,0.43,0.08,0.49,0.1
"661",0.05859375,0.509835724951699,0.00942577910609543,0.304274230264127,0.43,0.08,0.49,0.1
"662",0.0546875,0.509835724951699,0.00942577910609543,0.304274230264127,0.43,0.08,0.49,0.1
"663",1,0.509835724951699,0.00942577910609543,0.304274230264127,0.43,0.08,0.49,0.1
"664",1,0.509835724951699,0.00942577910609543,0.304274230264127,0.43,0.08,0.49,0.1
"665",1,0.509835724951699,0.00942577910609543,0.304274230264127,0.43,0.08,0.49,0.1
"666",0.0390625,0.509835724951699,0.00942577910609543,0.304274230264127,0.43,0.08,0.49,0.1
"667",0.0078125,0.509835724951699,0.00942577910609543,0.304274230264127,0.43,0.08,0.49,0.1
"668",0.14453125,0.509835724951699,0.00942577910609543,0.304274230264127,0.43,0.08,0.49,0.1
"669",0.109375,0.509835724951699,0.00942577910609543,0.304274230264127,0.43,0.08,0.49,0.1
"670",1,0.509835724951699,0.00942577910609543,0.304274230264127,0.43,0.08,0.49,0.1
"671",0.10546875,0.509835724951699,0.00942577910609543,0.304274230264127,0.43,0.08,0.49,0.1
"672",1,0.509835724951699,0.00942577910609543,0.304274230264127,0.43,0.08,0.49,0.1
"673",0.03515625,0.509835724951699,0.00942577910609543,0.304274230264127,0.43,0.08,0.49,0.1
"674",0.01953125,0.509835724951699,0.00942577910609543,0.304274230264127,0.43,0.08,0.49,0.1
"675",0.0390625,0.509835724951699,0.00942577910609543,0.304274230264127,0.43,0.08,0.49,0.1
"676",0.3359375,0.509835724951699,0.00942577910609543,0.304274230264127,0.43,0.08,0.49,0.1
"677",1,0.509835724951699,0.00942577910609543,0.304274230264127,0.43,0.08,0.49,0.1
"678",0.26171875,0.509835724951699,0.00942577910609543,0.304274230264127,0.43,0.08,0.49,0.1
"679",1,0.509835724951699,0.00942577910609543,0.304274230264127,0.43,0.08,0.49,0.1
"680",1,0.509835724951699,0.00942577910609543,0.304274230264127,0.43,0.08,0.49,0.1
"681",1,0.509835724951699,0.00942577910609543,0.304274230264127,0.43,0.08,0.49,0.1
"682",1,0.509835724951699,0.00942577910609543,0.304274230264127,0.43,0.08,0.49,0.1
"683",1,0.509835724951699,0.00942577910609543,0.304274230264127,0.43,0.08,0.49,0.1
"684",0.046875,0.509835724951699,0.00942577910609543,0.304274230264127,0.43,0.08,0.49,0.1
"685",0.05078125,0.509835724951699,0.00942577910609543,0.304274230264127,0.43,0.08,0.49,0.1
"686",1,0.509835724951699,0.00942577910609543,0.304274230264127,0.43,0.08,0.49,0.1
"687",1,0.509835724951699,0.00942577910609543,0.304274230264127,0.43,0.08,0.49,0.1
"688",0.01171875,0.509835724951699,0.00942577910609543,0.304274230264127,0.43,0.08,0.49,0.1
"689",0.015625,0.509835724951699,0.00942577910609543,0.304274230264127,0.43,0.08,0.49,0.1
"690",0.01171875,0.509835724951699,0.00942577910609543,0.304274230264127,0.43,0.08,0.49,0.1
"691",1,0.509835724951699,0.00942577910609543,0.304274230264127,0.43,0.08,0.49,0.1
"692",0.01953125,0.509835724951699,0.00942577910609543,0.304274230264127,0.43,0.08,0.49,0.1
"693",0.04296875,0.509835724951699,0.00942577910609543,0.304274230264127,0.43,0.08,0.49,0.1
"694",0.0078125,0.509835724951699,0.00942577910609543,0.304274230264127,0.43,0.08,0.49,0.1
"695",1,0.509835724951699,0.00942577910609543,0.304274230264127,0.43,0.08,0.49,0.1
"696",1,0.509835724951699,0.00942577910609543,0.304274230264127,0.43,0.08,0.49,0.1
"697",0.171875,0.509835724951699,0.00942577910609543,0.304274230264127,0.43,0.08,0.49,0.1
"698",1,0.509835724951699,0.00942577910609543,0.304274230264127,0.43,0.08,0.49,0.1
"699",0.02734375,0.509835724951699,0.00942577910609543,0.304274230264127,0.43,0.08,0.49,0.1
"700",1,0.509835724951699,0.00942577910609543,0.304274230264127,0.43,0.08,0.49,0.1
"701",1,0.388947491766885,0.00550447776913643,0.0132299314718693,0.53,0.05,0.42,0.1
"702",0.0390625,0.388947491766885,0.00550447776913643,0.0132299314718693,0.53,0.05,0.42,0.1
"703",0.0234375,0.388947491766885,0.00550447776913643,0.0132299314718693,0.53,0.05,0.42,0.1
"704",0.015625,0.388947491766885,0.00550447776913643,0.0132299314718693,0.53,0.05,0.42,0.1
"705",1,0.388947491766885,0.00550447776913643,0.0132299314718693,0.53,0.05,0.42,0.1
"706",0.03125,0.388947491766885,0.00550447776913643,0.0132299314718693,0.53,0.05,0.42,0.1
"707",1,0.388947491766885,0.00550447776913643,0.0132299314718693,0.53,0.05,0.42,0.1
"708",0.0078125,0.388947491766885,0.00550447776913643,0.0132299314718693,0.53,0.05,0.42,0.1
"709",0.046875,0.388947491766885,0.00550447776913643,0.0132299314718693,0.53,0.05,0.42,0.1
"710",0.04296875,0.388947491766885,0.00550447776913643,0.0132299314718693,0.53,0.05,0.42,0.1
"711",0.02734375,0.388947491766885,0.00550447776913643,0.0132299314718693,0.53,0.05,0.42,0.1
"712",0.01953125,0.388947491766885,0.00550447776913643,0.0132299314718693,0.53,0.05,0.42,0.1
"713",1,0.388947491766885,0.00550447776913643,0.0132299314718693,0.53,0.05,0.42,0.1
"714",0.03125,0.388947491766885,0.00550447776913643,0.0132299314718693,0.53,0.05,0.42,0.1
"715",0.0546875,0.388947491766885,0.00550447776913643,0.0132299314718693,0.53,0.05,0.42,0.1
"716",0.01953125,0.388947491766885,0.00550447776913643,0.0132299314718693,0.53,0.05,0.42,0.1
"717",0.00390625,0.388947491766885,0.00550447776913643,0.0132299314718693,0.53,0.05,0.42,0.1
"718",0.20703125,0.388947491766885,0.00550447776913643,0.0132299314718693,0.53,0.05,0.42,0.1
"719",0.02734375,0.388947491766885,0.00550447776913643,0.0132299314718693,0.53,0.05,0.42,0.1
"720",1,0.388947491766885,0.00550447776913643,0.0132299314718693,0.53,0.05,0.42,0.1
"721",0.00390625,0.388947491766885,0.00550447776913643,0.0132299314718693,0.53,0.05,0.42,0.1
"722",0.125,0.388947491766885,0.00550447776913643,0.0132299314718693,0.53,0.05,0.42,0.1
"723",0.015625,0.388947491766885,0.00550447776913643,0.0132299314718693,0.53,0.05,0.42,0.1
"724",0.0234375,0.388947491766885,0.00550447776913643,0.0132299314718693,0.53,0.05,0.42,0.1
"725",0.01953125,0.388947491766885,0.00550447776913643,0.0132299314718693,0.53,0.05,0.42,0.1
"726",1,0.388947491766885,0.00550447776913643,0.0132299314718693,0.53,0.05,0.42,0.1
"727",0.08203125,0.388947491766885,0.00550447776913643,0.0132299314718693,0.53,0.05,0.42,0.1
"728",0.0078125,0.388947491766885,0.00550447776913643,0.0132299314718693,0.53,0.05,0.42,0.1
"729",0.1328125,0.388947491766885,0.00550447776913643,0.0132299314718693,0.53,0.05,0.42,0.1
"730",0.01953125,0.388947491766885,0.00550447776913643,0.0132299314718693,0.53,0.05,0.42,0.1
"731",1,0.388947491766885,0.00550447776913643,0.0132299314718693,0.53,0.05,0.42,0.1
"732",0.19140625,0.388947491766885,0.00550447776913643,0.0132299314718693,0.53,0.05,0.42,0.1
"733",0.0078125,0.388947491766885,0.00550447776913643,0.0132299314718693,0.53,0.05,0.42,0.1
"734",0.0546875,0.388947491766885,0.00550447776913643,0.0132299314718693,0.53,0.05,0.42,0.1
"735",1,0.388947491766885,0.00550447776913643,0.0132299314718693,0.53,0.05,0.42,0.1
"736",1,0.388947491766885,0.00550447776913643,0.0132299314718693,0.53,0.05,0.42,0.1
"737",0.00390625,0.388947491766885,0.00550447776913643,0.0132299314718693,0.53,0.05,0.42,0.1
"738",0.03125,0.388947491766885,0.00550447776913643,0.0132299314718693,0.53,0.05,0.42,0.1
"739",0.015625,0.388947491766885,0.00550447776913643,0.0132299314718693,0.53,0.05,0.42,0.1
"740",0.01953125,0.388947491766885,0.00550447776913643,0.0132299314718693,0.53,0.05,0.42,0.1
"741",1,0.388947491766885,0.00550447776913643,0.0132299314718693,0.53,0.05,0.42,0.1
"742",1,0.388947491766885,0.00550447776913643,0.0132299314718693,0.53,0.05,0.42,0.1
"743",1,0.388947491766885,0.00550447776913643,0.0132299314718693,0.53,0.05,0.42,0.1
"744",1,0.388947491766885,0.00550447776913643,0.0132299314718693,0.53,0.05,0.42,0.1
"745",0.015625,0.388947491766885,0.00550447776913643,0.0132299314718693,0.53,0.05,0.42,0.1
"746",0.0234375,0.388947491766885,0.00550447776913643,0.0132299314718693,0.53,0.05,0.42,0.1
"747",1,0.388947491766885,0.00550447776913643,0.0132299314718693,0.53,0.05,0.42,0.1
"748",0.0390625,0.388947491766885,0.00550447776913643,0.0132299314718693,0.53,0.05,0.42,0.1
"749",1,0.388947491766885,0.00550447776913643,0.0132299314718693,0.53,0.05,0.42,0.1
"750",1,0.388947491766885,0.00550447776913643,0.0132299314718693,0.53,0.05,0.42,0.1
"751",0.015625,0.388947491766885,0.00550447776913643,0.0132299314718693,0.53,0.05,0.42,0.1
"752",1,0.388947491766885,0.00550447776913643,0.0132299314718693,0.53,0.05,0.42,0.1
"753",0.03125,0.388947491766885,0.00550447776913643,0.0132299314718693,0.53,0.05,0.42,0.1
"754",1,0.388947491766885,0.00550447776913643,0.0132299314718693,0.53,0.05,0.42,0.1
"755",0.078125,0.388947491766885,0.00550447776913643,0.0132299314718693,0.53,0.05,0.42,0.1
"756",1,0.388947491766885,0.00550447776913643,0.0132299314718693,0.53,0.05,0.42,0.1
"757",1,0.388947491766885,0.00550447776913643,0.0132299314718693,0.53,0.05,0.42,0.1
"758",1,0.388947491766885,0.00550447776913643,0.0132299314718693,0.53,0.05,0.42,0.1
"759",0,0.388947491766885,0.00550447776913643,0.0132299314718693,0.53,0.05,0.42,0.1
"760",1,0.388947491766885,0.00550447776913643,0.0132299314718693,0.53,0.05,0.42,0.1
"761",0.0390625,0.388947491766885,0.00550447776913643,0.0132299314718693,0.53,0.05,0.42,0.1
"762",1,0.388947491766885,0.00550447776913643,0.0132299314718693,0.53,0.05,0.42,0.1
"763",0.0078125,0.388947491766885,0.00550447776913643,0.0132299314718693,0.53,0.05,0.42,0.1
"764",0.05859375,0.388947491766885,0.00550447776913643,0.0132299314718693,0.53,0.05,0.42,0.1
"765",1,0.388947491766885,0.00550447776913643,0.0132299314718693,0.53,0.05,0.42,0.1
"766",0.0703125,0.388947491766885,0.00550447776913643,0.0132299314718693,0.53,0.05,0.42,0.1
"767",0.0234375,0.388947491766885,0.00550447776913643,0.0132299314718693,0.53,0.05,0.42,0.1
"768",1,0.388947491766885,0.00550447776913643,0.0132299314718693,0.53,0.05,0.42,0.1
"769",1,0.388947491766885,0.00550447776913643,0.0132299314718693,0.53,0.05,0.42,0.1
"770",1,0.388947491766885,0.00550447776913643,0.0132299314718693,0.53,0.05,0.42,0.1
"771",1,0.388947491766885,0.00550447776913643,0.0132299314718693,0.53,0.05,0.42,0.1
"772",1,0.388947491766885,0.00550447776913643,0.0132299314718693,0.53,0.05,0.42,0.1
"773",0.046875,0.388947491766885,0.00550447776913643,0.0132299314718693,0.53,0.05,0.42,0.1
"774",0.046875,0.388947491766885,0.00550447776913643,0.0132299314718693,0.53,0.05,0.42,0.1
"775",0.00390625,0.388947491766885,0.00550447776913643,0.0132299314718693,0.53,0.05,0.42,0.1
"776",0,0.388947491766885,0.00550447776913643,0.0132299314718693,0.53,0.05,0.42,0.1
"777",1,0.388947491766885,0.00550447776913643,0.0132299314718693,0.53,0.05,0.42,0.1
"778",0,0.388947491766885,0.00550447776913643,0.0132299314718693,0.53,0.05,0.42,0.1
"779",0.015625,0.388947491766885,0.00550447776913643,0.0132299314718693,0.53,0.05,0.42,0.1
"780",1,0.388947491766885,0.00550447776913643,0.0132299314718693,0.53,0.05,0.42,0.1
"781",1,0.388947491766885,0.00550447776913643,0.0132299314718693,0.53,0.05,0.42,0.1
"782",0.01953125,0.388947491766885,0.00550447776913643,0.0132299314718693,0.53,0.05,0.42,0.1
"783",1,0.388947491766885,0.00550447776913643,0.0132299314718693,0.53,0.05,0.42,0.1
"784",0.015625,0.388947491766885,0.00550447776913643,0.0132299314718693,0.53,0.05,0.42,0.1
"785",0.10546875,0.388947491766885,0.00550447776913643,0.0132299314718693,0.53,0.05,0.42,0.1
"786",0.0078125,0.388947491766885,0.00550447776913643,0.0132299314718693,0.53,0.05,0.42,0.1
"787",1,0.388947491766885,0.00550447776913643,0.0132299314718693,0.53,0.05,0.42,0.1
"788",1,0.388947491766885,0.00550447776913643,0.0132299314718693,0.53,0.05,0.42,0.1
"789",0,0.388947491766885,0.00550447776913643,0.0132299314718693,0.53,0.05,0.42,0.1
"790",1,0.388947491766885,0.00550447776913643,0.0132299314718693,0.53,0.05,0.42,0.1
"791",1,0.388947491766885,0.00550447776913643,0.0132299314718693,0.53,0.05,0.42,0.1
"792",0.0703125,0.388947491766885,0.00550447776913643,0.0132299314718693,0.53,0.05,0.42,0.1
"793",0.01953125,0.388947491766885,0.00550447776913643,0.0132299314718693,0.53,0.05,0.42,0.1
"794",1,0.388947491766885,0.00550447776913643,0.0132299314718693,0.53,0.05,0.42,0.1
"795",0.015625,0.388947491766885,0.00550447776913643,0.0132299314718693,0.53,0.05,0.42,0.1
"796",0.01171875,0.388947491766885,0.00550447776913643,0.0132299314718693,0.53,0.05,0.42,0.1
"797",1,0.388947491766885,0.00550447776913643,0.0132299314718693,0.53,0.05,0.42,0.1
"798",1,0.388947491766885,0.00550447776913643,0.0132299314718693,0.53,0.05,0.42,0.1
"799",1,0.388947491766885,0.00550447776913643,0.0132299314718693,0.53,0.05,0.42,0.1
"800",1,0.388947491766885,0.00550447776913643,0.0132299314718693,0.53,0.05,0.42,0.1
"801",1,0.533681532135233,0.0123989109415561,0.723379769362509,0.25,0.17,0.58,0.1
"802",1,0.533681532135233,0.0123989109415561,0.723379769362509,0.25,0.17,0.58,0.1
"803",0.5078125,0.533681532135233,0.0123989109415561,0.723379769362509,0.25,0.17,0.58,0.1
"804",1,0.533681532135233,0.0123989109415561,0.723379769362509,0.25,0.17,0.58,0.1
"805",1,0.533681532135233,0.0123989109415561,0.723379769362509,0.25,0.17,0.58,0.1
"806",0.03515625,0.533681532135233,0.0123989109415561,0.723379769362509,0.25,0.17,0.58,0.1
"807",0.12890625,0.533681532135233,0.0123989109415561,0.723379769362509,0.25,0.17,0.58,0.1
"808",1,0.533681532135233,0.0123989109415561,0.723379769362509,0.25,0.17,0.58,0.1
"809",1,0.533681532135233,0.0123989109415561,0.723379769362509,0.25,0.17,0.58,0.1
"810",1,0.533681532135233,0.0123989109415561,0.723379769362509,0.25,0.17,0.58,0.1
"811",0.30078125,0.533681532135233,0.0123989109415561,0.723379769362509,0.25,0.17,0.58,0.1
"812",1,0.533681532135233,0.0123989109415561,0.723379769362509,0.25,0.17,0.58,0.1
"813",0.17578125,0.533681532135233,0.0123989109415561,0.723379769362509,0.25,0.17,0.58,0.1
"814",0.046875,0.533681532135233,0.0123989109415561,0.723379769362509,0.25,0.17,0.58,0.1
"815",1,0.533681532135233,0.0123989109415561,0.723379769362509,0.25,0.17,0.58,0.1
"816",1,0.533681532135233,0.0123989109415561,0.723379769362509,0.25,0.17,0.58,0.1
"817",0.515625,0.533681532135233,0.0123989109415561,0.723379769362509,0.25,0.17,0.58,0.1
"818",1,0.533681532135233,0.0123989109415561,0.723379769362509,0.25,0.17,0.58,0.1
"819",1,0.533681532135233,0.0123989109415561,0.723379769362509,0.25,0.17,0.58,0.1
"820",1,0.533681532135233,0.0123989109415561,0.723379769362509,0.25,0.17,0.58,0.1
"821",0.0625,0.533681532135233,0.0123989109415561,0.723379769362509,0.25,0.17,0.58,0.1
"822",0.140625,0.533681532135233,0.0123989109415561,0.723379769362509,0.25,0.17,0.58,0.1
"823",1,0.533681532135233,0.0123989109415561,0.723379769362509,0.25,0.17,0.58,0.1
"824",0.03125,0.533681532135233,0.0123989109415561,0.723379769362509,0.25,0.17,0.58,0.1
"825",1,0.533681532135233,0.0123989109415561,0.723379769362509,0.25,0.17,0.58,0.1
"826",0.296875,0.533681532135233,0.0123989109415561,0.723379769362509,0.25,0.17,0.58,0.1
"827",0.1640625,0.533681532135233,0.0123989109415561,0.723379769362509,0.25,0.17,0.58,0.1
"828",1,0.533681532135233,0.0123989109415561,0.723379769362509,0.25,0.17,0.58,0.1
"829",0.17578125,0.533681532135233,0.0123989109415561,0.723379769362509,0.25,0.17,0.58,0.1
"830",0.06640625,0.533681532135233,0.0123989109415561,0.723379769362509,0.25,0.17,0.58,0.1
"831",1,0.533681532135233,0.0123989109415561,0.723379769362509,0.25,0.17,0.58,0.1
"832",0.1015625,0.533681532135233,0.0123989109415561,0.723379769362509,0.25,0.17,0.58,0.1
"833",1,0.533681532135233,0.0123989109415561,0.723379769362509,0.25,0.17,0.58,0.1
"834",0.0859375,0.533681532135233,0.0123989109415561,0.723379769362509,0.25,0.17,0.58,0.1
"835",1,0.533681532135233,0.0123989109415561,0.723379769362509,0.25,0.17,0.58,0.1
"836",0.01171875,0.533681532135233,0.0123989109415561,0.723379769362509,0.25,0.17,0.58,0.1
"837",0.03515625,0.533681532135233,0.0123989109415561,0.723379769362509,0.25,0.17,0.58,0.1
"838",1,0.533681532135233,0.0123989109415561,0.723379769362509,0.25,0.17,0.58,0.1
"839",1,0.533681532135233,0.0123989109415561,0.723379769362509,0.25,0.17,0.58,0.1
"840",0.0859375,0.533681532135233,0.0123989109415561,0.723379769362509,0.25,0.17,0.58,0.1
"841",0.11328125,0.533681532135233,0.0123989109415561,0.723379769362509,0.25,0.17,0.58,0.1
"842",0.05859375,0.533681532135233,0.0123989109415561,0.723379769362509,0.25,0.17,0.58,0.1
"843",1,0.533681532135233,0.0123989109415561,0.723379769362509,0.25,0.17,0.58,0.1
"844",1,0.533681532135233,0.0123989109415561,0.723379769362509,0.25,0.17,0.58,0.1
"845",0.08984375,0.533681532135233,0.0123989109415561,0.723379769362509,0.25,0.17,0.58,0.1
"846",1,0.533681532135233,0.0123989109415561,0.723379769362509,0.25,0.17,0.58,0.1
"847",1,0.533681532135233,0.0123989109415561,0.723379769362509,0.25,0.17,0.58,0.1
"848",1,0.533681532135233,0.0123989109415561,0.723379769362509,0.25,0.17,0.58,0.1
"849",1,0.533681532135233,0.0123989109415561,0.723379769362509,0.25,0.17,0.58,0.1
"850",0.02734375,0.533681532135233,0.0123989109415561,0.723379769362509,0.25,0.17,0.58,0.1
"851",1,0.533681532135233,0.0123989109415561,0.723379769362509,0.25,0.17,0.58,0.1
"852",0.0234375,0.533681532135233,0.0123989109415561,0.723379769362509,0.25,0.17,0.58,0.1
"853",1,0.533681532135233,0.0123989109415561,0.723379769362509,0.25,0.17,0.58,0.1
"854",0.01171875,0.533681532135233,0.0123989109415561,0.723379769362509,0.25,0.17,0.58,0.1
"855",0.15234375,0.533681532135233,0.0123989109415561,0.723379769362509,0.25,0.17,0.58,0.1
"856",1,0.533681532135233,0.0123989109415561,0.723379769362509,0.25,0.17,0.58,0.1
"857",1,0.533681532135233,0.0123989109415561,0.723379769362509,0.25,0.17,0.58,0.1
"858",0.04296875,0.533681532135233,0.0123989109415561,0.723379769362509,0.25,0.17,0.58,0.1
"859",1,0.533681532135233,0.0123989109415561,0.723379769362509,0.25,0.17,0.58,0.1
"860",1,0.533681532135233,0.0123989109415561,0.723379769362509,0.25,0.17,0.58,0.1
"861",1,0.533681532135233,0.0123989109415561,0.723379769362509,0.25,0.17,0.58,0.1
"862",0.02734375,0.533681532135233,0.0123989109415561,0.723379769362509,0.25,0.17,0.58,0.1
"863",0.1015625,0.533681532135233,0.0123989109415561,0.723379769362509,0.25,0.17,0.58,0.1
"864",1,0.533681532135233,0.0123989109415561,0.723379769362509,0.25,0.17,0.58,0.1
"865",1,0.533681532135233,0.0123989109415561,0.723379769362509,0.25,0.17,0.58,0.1
"866",1,0.533681532135233,0.0123989109415561,0.723379769362509,0.25,0.17,0.58,0.1
"867",0.16015625,0.533681532135233,0.0123989109415561,0.723379769362509,0.25,0.17,0.58,0.1
"868",1,0.533681532135233,0.0123989109415561,0.723379769362509,0.25,0.17,0.58,0.1
"869",0.08203125,0.533681532135233,0.0123989109415561,0.723379769362509,0.25,0.17,0.58,0.1
"870",0.01171875,0.533681532135233,0.0123989109415561,0.723379769362509,0.25,0.17,0.58,0.1
"871",1,0.533681532135233,0.0123989109415561,0.723379769362509,0.25,0.17,0.58,0.1
"872",0.0546875,0.533681532135233,0.0123989109415561,0.723379769362509,0.25,0.17,0.58,0.1
"873",1,0.533681532135233,0.0123989109415561,0.723379769362509,0.25,0.17,0.58,0.1
"874",1,0.533681532135233,0.0123989109415561,0.723379769362509,0.25,0.17,0.58,0.1
"875",0.05859375,0.533681532135233,0.0123989109415561,0.723379769362509,0.25,0.17,0.58,0.1
"876",0.05859375,0.533681532135233,0.0123989109415561,0.723379769362509,0.25,0.17,0.58,0.1
"877",1,0.533681532135233,0.0123989109415561,0.723379769362509,0.25,0.17,0.58,0.1
"878",1,0.533681532135233,0.0123989109415561,0.723379769362509,0.25,0.17,0.58,0.1
"879",1,0.533681532135233,0.0123989109415561,0.723379769362509,0.25,0.17,0.58,0.1
"880",1,0.533681532135233,0.0123989109415561,0.723379769362509,0.25,0.17,0.58,0.1
"881",0.06640625,0.533681532135233,0.0123989109415561,0.723379769362509,0.25,0.17,0.58,0.1
"882",0.04296875,0.533681532135233,0.0123989109415561,0.723379769362509,0.25,0.17,0.58,0.1
"883",1,0.533681532135233,0.0123989109415561,0.723379769362509,0.25,0.17,0.58,0.1
"884",1,0.533681532135233,0.0123989109415561,0.723379769362509,0.25,0.17,0.58,0.1
"885",0.1328125,0.533681532135233,0.0123989109415561,0.723379769362509,0.25,0.17,0.58,0.1
"886",0.01953125,0.533681532135233,0.0123989109415561,0.723379769362509,0.25,0.17,0.58,0.1
"887",1,0.533681532135233,0.0123989109415561,0.723379769362509,0.25,0.17,0.58,0.1
"888",1,0.533681532135233,0.0123989109415561,0.723379769362509,0.25,0.17,0.58,0.1
"889",1,0.533681532135233,0.0123989109415561,0.723379769362509,0.25,0.17,0.58,0.1
"890",0.1640625,0.533681532135233,0.0123989109415561,0.723379769362509,0.25,0.17,0.58,0.1
"891",0.1328125,0.533681532135233,0.0123989109415561,0.723379769362509,0.25,0.17,0.58,0.1
"892",0.31640625,0.533681532135233,0.0123989109415561,0.723379769362509,0.25,0.17,0.58,0.1
"893",1,0.533681532135233,0.0123989109415561,0.723379769362509,0.25,0.17,0.58,0.1
"894",1,0.533681532135233,0.0123989109415561,0.723379769362509,0.25,0.17,0.58,0.1
"895",1,0.533681532135233,0.0123989109415561,0.723379769362509,0.25,0.17,0.58,0.1
"896",1,0.533681532135233,0.0123989109415561,0.723379769362509,0.25,0.17,0.58,0.1
"897",1,0.533681532135233,0.0123989109415561,0.723379769362509,0.25,0.17,0.58,0.1
"898",1,0.533681532135233,0.0123989109415561,0.723379769362509,0.25,0.17,0.58,0.1
"899",0.09375,0.533681532135233,0.0123989109415561,0.723379769362509,0.25,0.17,0.58,0.1
"900",1,0.533681532135233,0.0123989109415561,0.723379769362509,0.25,0.17,0.58,0.1
"901",0.08203125,0.323650031117722,0.0111295881215483,0.72437580791302,0.5,0.21,0.29,0.1
"902",0.02734375,0.323650031117722,0.0111295881215483,0.72437580791302,0.5,0.21,0.29,0.1
"903",0.0078125,0.323650031117722,0.0111295881215483,0.72437580791302,0.5,0.21,0.29,0.1
"904",1,0.323650031117722,0.0111295881215483,0.72437580791302,0.5,0.21,0.29,0.1
"905",1,0.323650031117722,0.0111295881215483,0.72437580791302,0.5,0.21,0.29,0.1
"906",0.265625,0.323650031117722,0.0111295881215483,0.72437580791302,0.5,0.21,0.29,0.1
"907",1,0.323650031117722,0.0111295881215483,0.72437580791302,0.5,0.21,0.29,0.1
"908",0.0390625,0.323650031117722,0.0111295881215483,0.72437580791302,0.5,0.21,0.29,0.1
"909",0.02734375,0.323650031117722,0.0111295881215483,0.72437580791302,0.5,0.21,0.29,0.1
"910",0.01171875,0.323650031117722,0.0111295881215483,0.72437580791302,0.5,0.21,0.29,0.1
"911",1,0.323650031117722,0.0111295881215483,0.72437580791302,0.5,0.21,0.29,0.1
"912",0.25390625,0.323650031117722,0.0111295881215483,0.72437580791302,0.5,0.21,0.29,0.1
"913",1,0.323650031117722,0.0111295881215483,0.72437580791302,0.5,0.21,0.29,0.1
"914",1,0.323650031117722,0.0111295881215483,0.72437580791302,0.5,0.21,0.29,0.1
"915",1,0.323650031117722,0.0111295881215483,0.72437580791302,0.5,0.21,0.29,0.1
"916",1,0.323650031117722,0.0111295881215483,0.72437580791302,0.5,0.21,0.29,0.1
"917",0.01171875,0.323650031117722,0.0111295881215483,0.72437580791302,0.5,0.21,0.29,0.1
"918",0.140625,0.323650031117722,0.0111295881215483,0.72437580791302,0.5,0.21,0.29,0.1
"919",0.04296875,0.323650031117722,0.0111295881215483,0.72437580791302,0.5,0.21,0.29,0.1
"920",0.0703125,0.323650031117722,0.0111295881215483,0.72437580791302,0.5,0.21,0.29,0.1
"921",0.01953125,0.323650031117722,0.0111295881215483,0.72437580791302,0.5,0.21,0.29,0.1
"922",0.02734375,0.323650031117722,0.0111295881215483,0.72437580791302,0.5,0.21,0.29,0.1
"923",0.046875,0.323650031117722,0.0111295881215483,0.72437580791302,0.5,0.21,0.29,0.1
"924",0.0078125,0.323650031117722,0.0111295881215483,0.72437580791302,0.5,0.21,0.29,0.1
"925",0.04296875,0.323650031117722,0.0111295881215483,0.72437580791302,0.5,0.21,0.29,0.1
"926",0.10546875,0.323650031117722,0.0111295881215483,0.72437580791302,0.5,0.21,0.29,0.1
"927",0.08203125,0.323650031117722,0.0111295881215483,0.72437580791302,0.5,0.21,0.29,0.1
"928",0.0703125,0.323650031117722,0.0111295881215483,0.72437580791302,0.5,0.21,0.29,0.1
"929",0.08984375,0.323650031117722,0.0111295881215483,0.72437580791302,0.5,0.21,0.29,0.1
"930",1,0.323650031117722,0.0111295881215483,0.72437580791302,0.5,0.21,0.29,0.1
"931",0.05859375,0.323650031117722,0.0111295881215483,0.72437580791302,0.5,0.21,0.29,0.1
"932",0.0078125,0.323650031117722,0.0111295881215483,0.72437580791302,0.5,0.21,0.29,0.1
"933",0.046875,0.323650031117722,0.0111295881215483,0.72437580791302,0.5,0.21,0.29,0.1
"934",0.01953125,0.323650031117722,0.0111295881215483,0.72437580791302,0.5,0.21,0.29,0.1
"935",1,0.323650031117722,0.0111295881215483,0.72437580791302,0.5,0.21,0.29,0.1
"936",0.13671875,0.323650031117722,0.0111295881215483,0.72437580791302,0.5,0.21,0.29,0.1
"937",1,0.323650031117722,0.0111295881215483,0.72437580791302,0.5,0.21,0.29,0.1
"938",0.16796875,0.323650031117722,0.0111295881215483,0.72437580791302,0.5,0.21,0.29,0.1
"939",0.015625,0.323650031117722,0.0111295881215483,0.72437580791302,0.5,0.21,0.29,0.1
"940",0.04296875,0.323650031117722,0.0111295881215483,0.72437580791302,0.5,0.21,0.29,0.1
"941",0.03125,0.323650031117722,0.0111295881215483,0.72437580791302,0.5,0.21,0.29,0.1
"942",0.0234375,0.323650031117722,0.0111295881215483,0.72437580791302,0.5,0.21,0.29,0.1
"943",0.05078125,0.323650031117722,0.0111295881215483,0.72437580791302,0.5,0.21,0.29,0.1
"944",0.03515625,0.323650031117722,0.0111295881215483,0.72437580791302,0.5,0.21,0.29,0.1
"945",1,0.323650031117722,0.0111295881215483,0.72437580791302,0.5,0.21,0.29,0.1
"946",1,0.323650031117722,0.0111295881215483,0.72437580791302,0.5,0.21,0.29,0.1
"947",0.265625,0.323650031117722,0.0111295881215483,0.72437580791302,0.5,0.21,0.29,0.1
"948",0.08984375,0.323650031117722,0.0111295881215483,0.72437580791302,0.5,0.21,0.29,0.1
"949",0.0546875,0.323650031117722,0.0111295881215483,0.72437580791302,0.5,0.21,0.29,0.1
"950",0.28515625,0.323650031117722,0.0111295881215483,0.72437580791302,0.5,0.21,0.29,0.1
"951",1,0.323650031117722,0.0111295881215483,0.72437580791302,0.5,0.21,0.29,0.1
"952",0.07421875,0.323650031117722,0.0111295881215483,0.72437580791302,0.5,0.21,0.29,0.1
"953",1,0.323650031117722,0.0111295881215483,0.72437580791302,0.5,0.21,0.29,0.1
"954",0.03125,0.323650031117722,0.0111295881215483,0.72437580791302,0.5,0.21,0.29,0.1
"955",0.15625,0.323650031117722,0.0111295881215483,0.72437580791302,0.5,0.21,0.29,0.1
"956",1,0.323650031117722,0.0111295881215483,0.72437580791302,0.5,0.21,0.29,0.1
"957",0.01953125,0.323650031117722,0.0111295881215483,0.72437580791302,0.5,0.21,0.29,0.1
"958",0.06640625,0.323650031117722,0.0111295881215483,0.72437580791302,0.5,0.21,0.29,0.1
"959",0.06640625,0.323650031117722,0.0111295881215483,0.72437580791302,0.5,0.21,0.29,0.1
"960",0.0625,0.323650031117722,0.0111295881215483,0.72437580791302,0.5,0.21,0.29,0.1
"961",0.08203125,0.323650031117722,0.0111295881215483,0.72437580791302,0.5,0.21,0.29,0.1
"962",1,0.323650031117722,0.0111295881215483,0.72437580791302,0.5,0.21,0.29,0.1
"963",0.046875,0.323650031117722,0.0111295881215483,0.72437580791302,0.5,0.21,0.29,0.1
"964",0.01953125,0.323650031117722,0.0111295881215483,0.72437580791302,0.5,0.21,0.29,0.1
"965",1,0.323650031117722,0.0111295881215483,0.72437580791302,0.5,0.21,0.29,0.1
"966",0.01953125,0.323650031117722,0.0111295881215483,0.72437580791302,0.5,0.21,0.29,0.1
"967",0.046875,0.323650031117722,0.0111295881215483,0.72437580791302,0.5,0.21,0.29,0.1
"968",0.01171875,0.323650031117722,0.0111295881215483,0.72437580791302,0.5,0.21,0.29,0.1
"969",0.03515625,0.323650031117722,0.0111295881215483,0.72437580791302,0.5,0.21,0.29,0.1
"970",0.51171875,0.323650031117722,0.0111295881215483,0.72437580791302,0.5,0.21,0.29,0.1
"971",1,0.323650031117722,0.0111295881215483,0.72437580791302,0.5,0.21,0.29,0.1
"972",0.0234375,0.323650031117722,0.0111295881215483,0.72437580791302,0.5,0.21,0.29,0.1
"973",0.04296875,0.323650031117722,0.0111295881215483,0.72437580791302,0.5,0.21,0.29,0.1
"974",0.0078125,0.323650031117722,0.0111295881215483,0.72437580791302,0.5,0.21,0.29,0.1
"975",0.07421875,0.323650031117722,0.0111295881215483,0.72437580791302,0.5,0.21,0.29,0.1
"976",0.05078125,0.323650031117722,0.0111295881215483,0.72437580791302,0.5,0.21,0.29,0.1
"977",0.0390625,0.323650031117722,0.0111295881215483,0.72437580791302,0.5,0.21,0.29,0.1
"978",1,0.323650031117722,0.0111295881215483,0.72437580791302,0.5,0.21,0.29,0.1
"979",0.12109375,0.323650031117722,0.0111295881215483,0.72437580791302,0.5,0.21,0.29,0.1
"980",0.02734375,0.323650031117722,0.0111295881215483,0.72437580791302,0.5,0.21,0.29,0.1
"981",1,0.323650031117722,0.0111295881215483,0.72437580791302,0.5,0.21,0.29,0.1
"982",1,0.323650031117722,0.0111295881215483,0.72437580791302,0.5,0.21,0.29,0.1
"983",0.04296875,0.323650031117722,0.0111295881215483,0.72437580791302,0.5,0.21,0.29,0.1
"984",0.0078125,0.323650031117722,0.0111295881215483,0.72437580791302,0.5,0.21,0.29,0.1
"985",0.078125,0.323650031117722,0.0111295881215483,0.72437580791302,0.5,0.21,0.29,0.1
"986",1,0.323650031117722,0.0111295881215483,0.72437580791302,0.5,0.21,0.29,0.1
"987",1,0.323650031117722,0.0111295881215483,0.72437580791302,0.5,0.21,0.29,0.1
"988",0.2734375,0.323650031117722,0.0111295881215483,0.72437580791302,0.5,0.21,0.29,0.1
"989",1,0.323650031117722,0.0111295881215483,0.72437580791302,0.5,0.21,0.29,0.1
"990",0.0078125,0.323650031117722,0.0111295881215483,0.72437580791302,0.5,0.21,0.29,0.1
"991",0.01953125,0.323650031117722,0.0111295881215483,0.72437580791302,0.5,0.21,0.29,0.1
"992",0.05859375,0.323650031117722,0.0111295881215483,0.72437580791302,0.5,0.21,0.29,0.1
"993",0.0078125,0.323650031117722,0.0111295881215483,0.72437580791302,0.5,0.21,0.29,0.1
"994",1,0.323650031117722,0.0111295881215483,0.72437580791302,0.5,0.21,0.29,0.1
"995",1,0.323650031117722,0.0111295881215483,0.72437580791302,0.5,0.21,0.29,0.1
"996",0.125,0.323650031117722,0.0111295881215483,0.72437580791302,0.5,0.21,0.29,0.1
"997",0.04296875,0.323650031117722,0.0111295881215483,0.72437580791302,0.5,0.21,0.29,0.1
"998",1,0.323650031117722,0.0111295881215483,0.72437580791302,0.5,0.21,0.29,0.1
"999",1,0.323650031117722,0.0111295881215483,0.72437580791302,0.5,0.21,0.29,0.1
"1000",0.0390625,0.323650031117722,0.0111295881215483,0.72437580791302,0.5,0.21,0.29,0.1
