"","V1","V2","V3","V4","V5","V6","V7"
"1",0.33203125,0.0617650916871098,0.0588806349074773,0,0.4,0.415,0.185
"2",0.65234375,0.0617650916871098,0.0588806349074773,0,0.4,0.415,0.185
"3",0.3046875,0.0617650916871098,0.0588806349074773,0,0.4,0.415,0.185
"4",0.6015625,0.0617650916871098,0.0588806349074773,0,0.4,0.415,0.185
"5",0.4140625,0.0617650916871098,0.0588806349074773,0,0.4,0.415,0.185
"6",0.28515625,0.0617650916871098,0.0588806349074773,0,0.4,0.415,0.185
"7",0.39453125,0.0617650916871098,0.0588806349074773,0,0.4,0.415,0.185
"8",0.30078125,0.0617650916871098,0.0588806349074773,0,0.4,0.415,0.185
"9",0.32421875,0.0617650916871098,0.0588806349074773,0,0.4,0.415,0.185
"10",0.18359375,0.0617650916871098,0.0588806349074773,0,0.4,0.415,0.185
"11",0.29296875,0.0617650916871098,0.0588806349074773,0,0.4,0.415,0.185
"12",0.1953125,0.0617650916871098,0.0588806349074773,0,0.4,0.415,0.185
"13",0.29296875,0.0617650916871098,0.0588806349074773,0,0.4,0.415,0.185
"14",0.31640625,0.0617650916871098,0.0588806349074773,0,0.4,0.415,0.185
"15",0.171875,0.0617650916871098,0.0588806349074773,0,0.4,0.415,0.185
"16",0.390625,0.0617650916871098,0.0588806349074773,0,0.4,0.415,0.185
"17",0.71484375,0.0617650916871098,0.0588806349074773,0,0.4,0.415,0.185
"18",0.2109375,0.0617650916871098,0.0588806349074773,0,0.4,0.415,0.185
"19",0.30859375,0.0617650916871098,0.0588806349074773,0,0.4,0.415,0.185
"20",0.3046875,0.0617650916871098,0.0588806349074773,0,0.4,0.415,0.185
"21",0.40234375,0.0617650916871098,0.0588806349074773,0,0.4,0.415,0.185
"22",0.2890625,0.0617650916871098,0.0588806349074773,0,0.4,0.415,0.185
"23",0.4375,0.0617650916871098,0.0588806349074773,0,0.4,0.415,0.185
"24",0.6015625,0.0617650916871098,0.0588806349074773,0,0.4,0.415,0.185
"25",0.67578125,0.0617650916871098,0.0588806349074773,0,0.4,0.415,0.185
"26",0.24609375,0.0617650916871098,0.0588806349074773,0,0.4,0.415,0.185
"27",0.44921875,0.0617650916871098,0.0588806349074773,0,0.4,0.415,0.185
"28",0.3671875,0.0617650916871098,0.0588806349074773,0,0.4,0.415,0.185
"29",0.33984375,0.0617650916871098,0.0588806349074773,0,0.4,0.415,0.185
"30",0.62890625,0.0617650916871098,0.0588806349074773,0,0.4,0.415,0.185
"31",0.23046875,0.0617650916871098,0.0588806349074773,0,0.4,0.415,0.185
"32",0.3671875,0.0617650916871098,0.0588806349074773,0,0.4,0.415,0.185
"33",0.22265625,0.0617650916871098,0.0588806349074773,0,0.4,0.415,0.185
"34",0.62109375,0.0617650916871098,0.0588806349074773,0,0.4,0.415,0.185
"35",0.3046875,0.0617650916871098,0.0588806349074773,0,0.4,0.415,0.185
"36",0.45703125,0.0617650916871098,0.0588806349074773,0,0.4,0.415,0.185
"37",0.2734375,0.0617650916871098,0.0588806349074773,0,0.4,0.415,0.185
"38",0.53125,0.0617650916871098,0.0588806349074773,0,0.4,0.415,0.185
"39",0.4375,0.0617650916871098,0.0588806349074773,0,0.4,0.415,0.185
"40",0.19140625,0.0617650916871098,0.0588806349074773,0,0.4,0.415,0.185
"41",0.62109375,0.0617650916871098,0.0588806349074773,0,0.4,0.415,0.185
"42",1,0.0617650916871098,0.0588806349074773,0,0.4,0.415,0.185
"43",0.15234375,0.0617650916871098,0.0588806349074773,0,0.4,0.415,0.185
"44",0.359375,0.0617650916871098,0.0588806349074773,0,0.4,0.415,0.185
"45",0.26953125,0.0617650916871098,0.0588806349074773,0,0.4,0.415,0.185
"46",0.4765625,0.0617650916871098,0.0588806349074773,0,0.4,0.415,0.185
"47",0.203125,0.0617650916871098,0.0588806349074773,0,0.4,0.415,0.185
"48",0.37109375,0.0617650916871098,0.0588806349074773,0,0.4,0.415,0.185
"49",0.328125,0.0617650916871098,0.0588806349074773,0,0.4,0.415,0.185
"50",0.1875,0.0617650916871098,0.0588806349074773,0,0.4,0.415,0.185
"51",0.32421875,0.0617650916871098,0.0588806349074773,0,0.4,0.415,0.185
"52",0.40234375,0.0617650916871098,0.0588806349074773,0,0.4,0.415,0.185
"53",0.40234375,0.0617650916871098,0.0588806349074773,0,0.4,0.415,0.185
"54",0.30859375,0.0617650916871098,0.0588806349074773,0,0.4,0.415,0.185
"55",0.109375,0.0617650916871098,0.0588806349074773,0,0.4,0.415,0.185
"56",0.64453125,0.0617650916871098,0.0588806349074773,0,0.4,0.415,0.185
"57",0.1796875,0.0617650916871098,0.0588806349074773,0,0.4,0.415,0.185
"58",0.203125,0.0617650916871098,0.0588806349074773,0,0.4,0.415,0.185
"59",0.30078125,0.0617650916871098,0.0588806349074773,0,0.4,0.415,0.185
"60",0.2109375,0.0617650916871098,0.0588806349074773,0,0.4,0.415,0.185
"61",0.34765625,0.0617650916871098,0.0588806349074773,0,0.4,0.415,0.185
"62",0.22265625,0.0617650916871098,0.0588806349074773,0,0.4,0.415,0.185
"63",0.5546875,0.0617650916871098,0.0588806349074773,0,0.4,0.415,0.185
"64",0.30859375,0.0617650916871098,0.0588806349074773,0,0.4,0.415,0.185
"65",0.2734375,0.0617650916871098,0.0588806349074773,0,0.4,0.415,0.185
"66",0.67578125,0.0617650916871098,0.0588806349074773,0,0.4,0.415,0.185
"67",0.21875,0.0617650916871098,0.0588806349074773,0,0.4,0.415,0.185
"68",0.21875,0.0617650916871098,0.0588806349074773,0,0.4,0.415,0.185
"69",0.328125,0.0617650916871098,0.0588806349074773,0,0.4,0.415,0.185
"70",0.2265625,0.0617650916871098,0.0588806349074773,0,0.4,0.415,0.185
"71",0.6875,0.0617650916871098,0.0588806349074773,0,0.4,0.415,0.185
"72",0.57421875,0.0617650916871098,0.0588806349074773,0,0.4,0.415,0.185
"73",0.27734375,0.0617650916871098,0.0588806349074773,0,0.4,0.415,0.185
"74",0.25,0.0617650916871098,0.0588806349074773,0,0.4,0.415,0.185
"75",0.28125,0.0617650916871098,0.0588806349074773,0,0.4,0.415,0.185
"76",0.33984375,0.0617650916871098,0.0588806349074773,0,0.4,0.415,0.185
"77",0.38671875,0.0617650916871098,0.0588806349074773,0,0.4,0.415,0.185
"78",0.59765625,0.0617650916871098,0.0588806349074773,0,0.4,0.415,0.185
"79",0.20703125,0.0617650916871098,0.0588806349074773,0,0.4,0.415,0.185
"80",0.37109375,0.0617650916871098,0.0588806349074773,0,0.4,0.415,0.185
"81",0.73046875,0.0617650916871098,0.0588806349074773,0,0.4,0.415,0.185
"82",0.17578125,0.0617650916871098,0.0588806349074773,0,0.4,0.415,0.185
"83",1,0.0617650916871098,0.0588806349074773,0,0.4,0.415,0.185
"84",0.58203125,0.0617650916871098,0.0588806349074773,0,0.4,0.415,0.185
"85",0.4921875,0.0617650916871098,0.0588806349074773,0,0.4,0.415,0.185
"86",0.26171875,0.0617650916871098,0.0588806349074773,0,0.4,0.415,0.185
"87",0.2421875,0.0617650916871098,0.0588806349074773,0,0.4,0.415,0.185
"88",0.18359375,0.0617650916871098,0.0588806349074773,0,0.4,0.415,0.185
"89",0.44921875,0.0617650916871098,0.0588806349074773,0,0.4,0.415,0.185
"90",0.34375,0.0617650916871098,0.0588806349074773,0,0.4,0.415,0.185
"91",0.51953125,0.0617650916871098,0.0588806349074773,0,0.4,0.415,0.185
"92",0.3828125,0.0617650916871098,0.0588806349074773,0,0.4,0.415,0.185
"93",0.19921875,0.0617650916871098,0.0588806349074773,0,0.4,0.415,0.185
"94",0.25,0.0617650916871098,0.0588806349074773,0,0.4,0.415,0.185
"95",0.2265625,0.0617650916871098,0.0588806349074773,0,0.4,0.415,0.185
"96",0.28515625,0.0617650916871098,0.0588806349074773,0,0.4,0.415,0.185
"97",0.2578125,0.0617650916871098,0.0588806349074773,0,0.4,0.415,0.185
"98",0.38671875,0.0617650916871098,0.0588806349074773,0,0.4,0.415,0.185
"99",0.62890625,0.0617650916871098,0.0588806349074773,0,0.4,0.415,0.185
"100",0.24609375,0.0617650916871098,0.0588806349074773,0,0.4,0.415,0.185
"101",0.28515625,0.0617650916871098,0.0588806349074773,0,0.4,0.415,0.185
"102",0.5390625,0.0617650916871098,0.0588806349074773,0,0.4,0.415,0.185
"103",0.3046875,0.0617650916871098,0.0588806349074773,0,0.4,0.415,0.185
"104",0.33203125,0.0617650916871098,0.0588806349074773,0,0.4,0.415,0.185
"105",0.36328125,0.0617650916871098,0.0588806349074773,0,0.4,0.415,0.185
"106",0.56640625,0.0617650916871098,0.0588806349074773,0,0.4,0.415,0.185
"107",0.26953125,0.0617650916871098,0.0588806349074773,0,0.4,0.415,0.185
"108",0.78125,0.0617650916871098,0.0588806349074773,0,0.4,0.415,0.185
"109",0.2421875,0.0617650916871098,0.0588806349074773,0,0.4,0.415,0.185
"110",0.28515625,0.0617650916871098,0.0588806349074773,0,0.4,0.415,0.185
"111",0.13671875,0.0617650916871098,0.0588806349074773,0,0.4,0.415,0.185
"112",0.6015625,0.0617650916871098,0.0588806349074773,0,0.4,0.415,0.185
"113",0.62109375,0.0617650916871098,0.0588806349074773,0,0.4,0.415,0.185
"114",0.59765625,0.0617650916871098,0.0588806349074773,0,0.4,0.415,0.185
"115",0.5078125,0.0617650916871098,0.0588806349074773,0,0.4,0.415,0.185
"116",0.375,0.0617650916871098,0.0588806349074773,0,0.4,0.415,0.185
"117",0.37109375,0.0617650916871098,0.0588806349074773,0,0.4,0.415,0.185
"118",0.69140625,0.0617650916871098,0.0588806349074773,0,0.4,0.415,0.185
"119",0.59765625,0.0617650916871098,0.0588806349074773,0,0.4,0.415,0.185
"120",0.62109375,0.0617650916871098,0.0588806349074773,0,0.4,0.415,0.185
"121",0.3515625,0.0617650916871098,0.0588806349074773,0,0.4,0.415,0.185
"122",0.1796875,0.0617650916871098,0.0588806349074773,0,0.4,0.415,0.185
"123",0.6640625,0.0617650916871098,0.0588806349074773,0,0.4,0.415,0.185
"124",0.4296875,0.0617650916871098,0.0588806349074773,0,0.4,0.415,0.185
"125",0.59765625,0.0617650916871098,0.0588806349074773,0,0.4,0.415,0.185
"126",0.48046875,0.0617650916871098,0.0588806349074773,0,0.4,0.415,0.185
"127",0.39453125,0.0617650916871098,0.0588806349074773,0,0.4,0.415,0.185
"128",0.30078125,0.0617650916871098,0.0588806349074773,0,0.4,0.415,0.185
"129",0.17578125,0.0617650916871098,0.0588806349074773,0,0.4,0.415,0.185
"130",0.171875,0.0617650916871098,0.0588806349074773,0,0.4,0.415,0.185
"131",0.80078125,0.0617650916871098,0.0588806349074773,0,0.4,0.415,0.185
"132",0.6484375,0.0617650916871098,0.0588806349074773,0,0.4,0.415,0.185
"133",0.578125,0.0617650916871098,0.0588806349074773,0,0.4,0.415,0.185
"134",0.26171875,0.0617650916871098,0.0588806349074773,0,0.4,0.415,0.185
"135",0.359375,0.0617650916871098,0.0588806349074773,0,0.4,0.415,0.185
"136",0.1640625,0.0617650916871098,0.0588806349074773,0,0.4,0.415,0.185
"137",0.37109375,0.0617650916871098,0.0588806349074773,0,0.4,0.415,0.185
"138",0.1953125,0.0617650916871098,0.0588806349074773,0,0.4,0.415,0.185
"139",1,0.0617650916871098,0.0588806349074773,0,0.4,0.415,0.185
"140",0.3515625,0.0617650916871098,0.0588806349074773,0,0.4,0.415,0.185
"141",1,0.0617650916871098,0.0588806349074773,0,0.4,0.415,0.185
"142",0.3203125,0.0617650916871098,0.0588806349074773,0,0.4,0.415,0.185
"143",0.4609375,0.0617650916871098,0.0588806349074773,0,0.4,0.415,0.185
"144",0.2265625,0.0617650916871098,0.0588806349074773,0,0.4,0.415,0.185
"145",0.125,0.0617650916871098,0.0588806349074773,0,0.4,0.415,0.185
"146",0.4609375,0.0617650916871098,0.0588806349074773,0,0.4,0.415,0.185
"147",0.26953125,0.0617650916871098,0.0588806349074773,0,0.4,0.415,0.185
"148",0.45703125,0.0617650916871098,0.0588806349074773,0,0.4,0.415,0.185
"149",0.38671875,0.0617650916871098,0.0588806349074773,0,0.4,0.415,0.185
"150",0.265625,0.0617650916871098,0.0588806349074773,0,0.4,0.415,0.185
"151",0.40625,0.0617650916871098,0.0588806349074773,0,0.4,0.415,0.185
"152",0.53125,0.0617650916871098,0.0588806349074773,0,0.4,0.415,0.185
"153",0.4921875,0.0617650916871098,0.0588806349074773,0,0.4,0.415,0.185
"154",0.3125,0.0617650916871098,0.0588806349074773,0,0.4,0.415,0.185
"155",0.29296875,0.0617650916871098,0.0588806349074773,0,0.4,0.415,0.185
"156",0.421875,0.0617650916871098,0.0588806349074773,0,0.4,0.415,0.185
"157",0.26953125,0.0617650916871098,0.0588806349074773,0,0.4,0.415,0.185
"158",0.6875,0.0617650916871098,0.0588806349074773,0,0.4,0.415,0.185
"159",0.48046875,0.0617650916871098,0.0588806349074773,0,0.4,0.415,0.185
"160",0.1953125,0.0617650916871098,0.0588806349074773,0,0.4,0.415,0.185
"161",0.140625,0.0617650916871098,0.0588806349074773,0,0.4,0.415,0.185
"162",0.48046875,0.0617650916871098,0.0588806349074773,0,0.4,0.415,0.185
"163",0.6796875,0.0617650916871098,0.0588806349074773,0,0.4,0.415,0.185
"164",0.4296875,0.0617650916871098,0.0588806349074773,0,0.4,0.415,0.185
"165",0.23828125,0.0617650916871098,0.0588806349074773,0,0.4,0.415,0.185
"166",0.4375,0.0617650916871098,0.0588806349074773,0,0.4,0.415,0.185
"167",0.31640625,0.0617650916871098,0.0588806349074773,0,0.4,0.415,0.185
"168",0.5859375,0.0617650916871098,0.0588806349074773,0,0.4,0.415,0.185
"169",0.39453125,0.0617650916871098,0.0588806349074773,0,0.4,0.415,0.185
"170",0.3671875,0.0617650916871098,0.0588806349074773,0,0.4,0.415,0.185
"171",0.13671875,0.0617650916871098,0.0588806349074773,0,0.4,0.415,0.185
"172",0.34375,0.0617650916871098,0.0588806349074773,0,0.4,0.415,0.185
"173",0.203125,0.0617650916871098,0.0588806349074773,0,0.4,0.415,0.185
"174",1,0.0617650916871098,0.0588806349074773,0,0.4,0.415,0.185
"175",0.35546875,0.0617650916871098,0.0588806349074773,0,0.4,0.415,0.185
"176",0.30859375,0.0617650916871098,0.0588806349074773,0,0.4,0.415,0.185
"177",1,0.0617650916871098,0.0588806349074773,0,0.4,0.415,0.185
"178",0.35546875,0.0617650916871098,0.0588806349074773,0,0.4,0.415,0.185
"179",0.2421875,0.0617650916871098,0.0588806349074773,0,0.4,0.415,0.185
"180",0.671875,0.0617650916871098,0.0588806349074773,0,0.4,0.415,0.185
"181",0.28515625,0.0617650916871098,0.0588806349074773,0,0.4,0.415,0.185
"182",0.265625,0.0617650916871098,0.0588806349074773,0,0.4,0.415,0.185
"183",0.49609375,0.0617650916871098,0.0588806349074773,0,0.4,0.415,0.185
"184",0.21875,0.0617650916871098,0.0588806349074773,0,0.4,0.415,0.185
"185",0.2109375,0.0617650916871098,0.0588806349074773,0,0.4,0.415,0.185
"186",0.23046875,0.0617650916871098,0.0588806349074773,0,0.4,0.415,0.185
"187",0.39453125,0.0617650916871098,0.0588806349074773,0,0.4,0.415,0.185
"188",0.3125,0.0617650916871098,0.0588806349074773,0,0.4,0.415,0.185
"189",0.55859375,0.0617650916871098,0.0588806349074773,0,0.4,0.415,0.185
"190",0.23828125,0.0617650916871098,0.0588806349074773,0,0.4,0.415,0.185
"191",0.2109375,0.0617650916871098,0.0588806349074773,0,0.4,0.415,0.185
"192",0.39453125,0.0617650916871098,0.0588806349074773,0,0.4,0.415,0.185
"193",0.39453125,0.0617650916871098,0.0588806349074773,0,0.4,0.415,0.185
"194",0.33984375,0.0617650916871098,0.0588806349074773,0,0.4,0.415,0.185
"195",1,0.0617650916871098,0.0588806349074773,0,0.4,0.415,0.185
"196",0.48046875,0.0617650916871098,0.0588806349074773,0,0.4,0.415,0.185
"197",0.34375,0.0617650916871098,0.0588806349074773,0,0.4,0.415,0.185
"198",1,0.0617650916871098,0.0588806349074773,0,0.4,0.415,0.185
"199",0.56640625,0.0617650916871098,0.0588806349074773,0,0.4,0.415,0.185
"200",0.671875,0.0617650916871098,0.0588806349074773,0,0.4,0.415,0.185
"201",0.26171875,0.0617650916871098,0.0588806349074773,0,0.4,0.415,0.185
"202",0.34765625,0.0617650916871098,0.0588806349074773,0,0.4,0.415,0.185
"203",1,0.0617650916871098,0.0588806349074773,0,0.4,0.415,0.185
"204",0.33984375,0.0617650916871098,0.0588806349074773,0,0.4,0.415,0.185
"205",0.34765625,0.0617650916871098,0.0588806349074773,0,0.4,0.415,0.185
"206",0.38671875,0.0617650916871098,0.0588806349074773,0,0.4,0.415,0.185
"207",0.2109375,0.0617650916871098,0.0588806349074773,0,0.4,0.415,0.185
"208",0.27734375,0.0617650916871098,0.0588806349074773,0,0.4,0.415,0.185
"209",0.26953125,0.0617650916871098,0.0588806349074773,0,0.4,0.415,0.185
"210",0.59375,0.0617650916871098,0.0588806349074773,0,0.4,0.415,0.185
"211",0.34375,0.0617650916871098,0.0588806349074773,0,0.4,0.415,0.185
"212",0.17578125,0.0617650916871098,0.0588806349074773,0,0.4,0.415,0.185
"213",0.796875,0.0617650916871098,0.0588806349074773,0,0.4,0.415,0.185
"214",0.390625,0.0617650916871098,0.0588806349074773,0,0.4,0.415,0.185
"215",0.81640625,0.0617650916871098,0.0588806349074773,0,0.4,0.415,0.185
"216",0.1875,0.0617650916871098,0.0588806349074773,0,0.4,0.415,0.185
"217",0.71484375,0.0617650916871098,0.0588806349074773,0,0.4,0.415,0.185
"218",0.6015625,0.0617650916871098,0.0588806349074773,0,0.4,0.415,0.185
"219",0.42578125,0.0617650916871098,0.0588806349074773,0,0.4,0.415,0.185
"220",0.42578125,0.0617650916871098,0.0588806349074773,0,0.4,0.415,0.185
"221",0.328125,0.0617650916871098,0.0588806349074773,0,0.4,0.415,0.185
"222",0.26953125,0.0617650916871098,0.0588806349074773,0,0.4,0.415,0.185
"223",0.5703125,0.0617650916871098,0.0588806349074773,0,0.4,0.415,0.185
"224",0.234375,0.0617650916871098,0.0588806349074773,0,0.4,0.415,0.185
"225",0.35546875,0.0617650916871098,0.0588806349074773,0,0.4,0.415,0.185
"226",0.39453125,0.0617650916871098,0.0588806349074773,0,0.4,0.415,0.185
"227",0.28125,0.0617650916871098,0.0588806349074773,0,0.4,0.415,0.185
"228",0.1875,0.0617650916871098,0.0588806349074773,0,0.4,0.415,0.185
"229",0.32421875,0.0617650916871098,0.0588806349074773,0,0.4,0.415,0.185
"230",0.24609375,0.0617650916871098,0.0588806349074773,0,0.4,0.415,0.185
"231",0.2734375,0.0617650916871098,0.0588806349074773,0,0.4,0.415,0.185
"232",0.37890625,0.0617650916871098,0.0588806349074773,0,0.4,0.415,0.185
"233",0.62109375,0.0617650916871098,0.0588806349074773,0,0.4,0.415,0.185
"234",0.42578125,0.0617650916871098,0.0588806349074773,0,0.4,0.415,0.185
"235",0.4453125,0.0617650916871098,0.0588806349074773,0,0.4,0.415,0.185
"236",0.375,0.0617650916871098,0.0588806349074773,0,0.4,0.415,0.185
"237",0.390625,0.0617650916871098,0.0588806349074773,0,0.4,0.415,0.185
"238",0.1875,0.0617650916871098,0.0588806349074773,0,0.4,0.415,0.185
"239",0.19921875,0.0617650916871098,0.0588806349074773,0,0.4,0.415,0.185
"240",0.296875,0.0617650916871098,0.0588806349074773,0,0.4,0.415,0.185
"241",0.65625,0.0617650916871098,0.0588806349074773,0,0.4,0.415,0.185
"242",0.25,0.0617650916871098,0.0588806349074773,0,0.4,0.415,0.185
"243",0.72265625,0.0617650916871098,0.0588806349074773,0,0.4,0.415,0.185
"244",0.48046875,0.0617650916871098,0.0588806349074773,0,0.4,0.415,0.185
"245",0.50390625,0.0617650916871098,0.0588806349074773,0,0.4,0.415,0.185
"246",0.34765625,0.0617650916871098,0.0588806349074773,0,0.4,0.415,0.185
"247",0.8203125,0.0617650916871098,0.0588806349074773,0,0.4,0.415,0.185
"248",0.3203125,0.0617650916871098,0.0588806349074773,0,0.4,0.415,0.185
"249",0.33203125,0.0617650916871098,0.0588806349074773,0,0.4,0.415,0.185
"250",0.31640625,0.0617650916871098,0.0588806349074773,0,0.4,0.415,0.185
"251",0.50390625,0.0617650916871098,0.0588806349074773,0,0.4,0.415,0.185
"252",0.36328125,0.0617650916871098,0.0588806349074773,0,0.4,0.415,0.185
"253",0.34765625,0.0617650916871098,0.0588806349074773,0,0.4,0.415,0.185
"254",0.25,0.0617650916871098,0.0588806349074773,0,0.4,0.415,0.185
"255",0.3515625,0.0617650916871098,0.0588806349074773,0,0.4,0.415,0.185
"256",0.3125,0.0617650916871098,0.0588806349074773,0,0.4,0.415,0.185
"257",0.26171875,0.0617650916871098,0.0588806349074773,0,0.4,0.415,0.185
"258",0.28515625,0.0617650916871098,0.0588806349074773,0,0.4,0.415,0.185
"259",0.3359375,0.0617650916871098,0.0588806349074773,0,0.4,0.415,0.185
"260",0.296875,0.0617650916871098,0.0588806349074773,0,0.4,0.415,0.185
"261",0.55078125,0.0617650916871098,0.0588806349074773,0,0.4,0.415,0.185
"262",0.4375,0.0617650916871098,0.0588806349074773,0,0.4,0.415,0.185
"263",0.453125,0.0617650916871098,0.0588806349074773,0,0.4,0.415,0.185
"264",0.6015625,0.0617650916871098,0.0588806349074773,0,0.4,0.415,0.185
"265",0.5078125,0.0617650916871098,0.0588806349074773,0,0.4,0.415,0.185
"266",0.5234375,0.0617650916871098,0.0588806349074773,0,0.4,0.415,0.185
"267",0.265625,0.0617650916871098,0.0588806349074773,0,0.4,0.415,0.185
"268",0.30078125,0.0617650916871098,0.0588806349074773,0,0.4,0.415,0.185
"269",0.5390625,0.0617650916871098,0.0588806349074773,0,0.4,0.415,0.185
"270",0.25390625,0.0617650916871098,0.0588806349074773,0,0.4,0.415,0.185
"271",0.52734375,0.0617650916871098,0.0588806349074773,0,0.4,0.415,0.185
"272",0.18359375,0.0617650916871098,0.0588806349074773,0,0.4,0.415,0.185
"273",0.16015625,0.0617650916871098,0.0588806349074773,0,0.4,0.415,0.185
"274",0.140625,0.0617650916871098,0.0588806349074773,0,0.4,0.415,0.185
"275",0.3203125,0.0617650916871098,0.0588806349074773,0,0.4,0.415,0.185
"276",0.609375,0.0617650916871098,0.0588806349074773,0,0.4,0.415,0.185
"277",0.3125,0.0617650916871098,0.0588806349074773,0,0.4,0.415,0.185
"278",0.67578125,0.0617650916871098,0.0588806349074773,0,0.4,0.415,0.185
"279",0.515625,0.0617650916871098,0.0588806349074773,0,0.4,0.415,0.185
"280",0.265625,0.0617650916871098,0.0588806349074773,0,0.4,0.415,0.185
"281",0.2109375,0.0617650916871098,0.0588806349074773,0,0.4,0.415,0.185
"282",1,0.0617650916871098,0.0588806349074773,0,0.4,0.415,0.185
"283",0.1328125,0.0617650916871098,0.0588806349074773,0,0.4,0.415,0.185
"284",0.2265625,0.0617650916871098,0.0588806349074773,0,0.4,0.415,0.185
"285",0.51171875,0.0617650916871098,0.0588806349074773,0,0.4,0.415,0.185
"286",0.29296875,0.0617650916871098,0.0588806349074773,0,0.4,0.415,0.185
"287",0.4921875,0.0617650916871098,0.0588806349074773,0,0.4,0.415,0.185
"288",0.5625,0.0617650916871098,0.0588806349074773,0,0.4,0.415,0.185
"289",0.32421875,0.0617650916871098,0.0588806349074773,0,0.4,0.415,0.185
"290",0.5390625,0.0617650916871098,0.0588806349074773,0,0.4,0.415,0.185
"291",0.37890625,0.0617650916871098,0.0588806349074773,0,0.4,0.415,0.185
"292",0.15234375,0.0617650916871098,0.0588806349074773,0,0.4,0.415,0.185
"293",0.265625,0.0617650916871098,0.0588806349074773,0,0.4,0.415,0.185
"294",0.375,0.0617650916871098,0.0588806349074773,0,0.4,0.415,0.185
"295",0.44140625,0.0617650916871098,0.0588806349074773,0,0.4,0.415,0.185
"296",0.29296875,0.0617650916871098,0.0588806349074773,0,0.4,0.415,0.185
"297",0.48828125,0.0617650916871098,0.0588806349074773,0,0.4,0.415,0.185
"298",0.625,0.0617650916871098,0.0588806349074773,0,0.4,0.415,0.185
"299",0.59375,0.0617650916871098,0.0588806349074773,0,0.4,0.415,0.185
"300",0.1484375,0.0617650916871098,0.0588806349074773,0,0.4,0.415,0.185
"301",0.2421875,0.0617650916871098,0.0588806349074773,0,0.4,0.415,0.185
"302",0.24609375,0.0617650916871098,0.0588806349074773,0,0.4,0.415,0.185
"303",0.27734375,0.0617650916871098,0.0588806349074773,0,0.4,0.415,0.185
"304",0.61328125,0.0617650916871098,0.0588806349074773,0,0.4,0.415,0.185
"305",0.25,0.0617650916871098,0.0588806349074773,0,0.4,0.415,0.185
"306",0.296875,0.0617650916871098,0.0588806349074773,0,0.4,0.415,0.185
"307",0.328125,0.0617650916871098,0.0588806349074773,0,0.4,0.415,0.185
"308",0.1953125,0.0617650916871098,0.0588806349074773,0,0.4,0.415,0.185
"309",0.25390625,0.0617650916871098,0.0588806349074773,0,0.4,0.415,0.185
"310",0.578125,0.0617650916871098,0.0588806349074773,0,0.4,0.415,0.185
"311",0.23046875,0.0617650916871098,0.0588806349074773,0,0.4,0.415,0.185
"312",0.46484375,0.0617650916871098,0.0588806349074773,0,0.4,0.415,0.185
"313",0.453125,0.0617650916871098,0.0588806349074773,0,0.4,0.415,0.185
"314",0.38671875,0.0617650916871098,0.0588806349074773,0,0.4,0.415,0.185
"315",0.4609375,0.0617650916871098,0.0588806349074773,0,0.4,0.415,0.185
"316",0.29296875,0.0617650916871098,0.0588806349074773,0,0.4,0.415,0.185
"317",0.42578125,0.0617650916871098,0.0588806349074773,0,0.4,0.415,0.185
"318",0.3125,0.0617650916871098,0.0588806349074773,0,0.4,0.415,0.185
"319",0.65234375,0.0617650916871098,0.0588806349074773,0,0.4,0.415,0.185
"320",0.828125,0.0617650916871098,0.0588806349074773,0,0.4,0.415,0.185
"321",0.5703125,0.0617650916871098,0.0588806349074773,0,0.4,0.415,0.185
"322",0.5703125,0.0617650916871098,0.0588806349074773,0,0.4,0.415,0.185
"323",1,0.0617650916871098,0.0588806349074773,0,0.4,0.415,0.185
"324",0.32421875,0.0617650916871098,0.0588806349074773,0,0.4,0.415,0.185
"325",0.59375,0.0617650916871098,0.0588806349074773,0,0.4,0.415,0.185
"326",0.2890625,0.0617650916871098,0.0588806349074773,0,0.4,0.415,0.185
"327",0.4296875,0.0617650916871098,0.0588806349074773,0,0.4,0.415,0.185
"328",0.171875,0.0617650916871098,0.0588806349074773,0,0.4,0.415,0.185
"329",0.515625,0.0617650916871098,0.0588806349074773,0,0.4,0.415,0.185
"330",0.28515625,0.0617650916871098,0.0588806349074773,0,0.4,0.415,0.185
"331",0.13671875,0.0617650916871098,0.0588806349074773,0,0.4,0.415,0.185
"332",0.296875,0.0617650916871098,0.0588806349074773,0,0.4,0.415,0.185
"333",0.3828125,0.0617650916871098,0.0588806349074773,0,0.4,0.415,0.185
"334",0.3984375,0.0617650916871098,0.0588806349074773,0,0.4,0.415,0.185
"335",0.3515625,0.0617650916871098,0.0588806349074773,0,0.4,0.415,0.185
"336",0.23046875,0.0617650916871098,0.0588806349074773,0,0.4,0.415,0.185
"337",0.51953125,0.0617650916871098,0.0588806349074773,0,0.4,0.415,0.185
"338",0.25,0.0617650916871098,0.0588806349074773,0,0.4,0.415,0.185
"339",0.3515625,0.0617650916871098,0.0588806349074773,0,0.4,0.415,0.185
"340",0.30859375,0.0617650916871098,0.0588806349074773,0,0.4,0.415,0.185
"341",0.3203125,0.0617650916871098,0.0588806349074773,0,0.4,0.415,0.185
"342",0.55078125,0.0617650916871098,0.0588806349074773,0,0.4,0.415,0.185
"343",0.39453125,0.0617650916871098,0.0588806349074773,0,0.4,0.415,0.185
"344",0.28125,0.0617650916871098,0.0588806349074773,0,0.4,0.415,0.185
"345",0.36328125,0.0617650916871098,0.0588806349074773,0,0.4,0.415,0.185
"346",0.49609375,0.0617650916871098,0.0588806349074773,0,0.4,0.415,0.185
"347",0.328125,0.0617650916871098,0.0588806349074773,0,0.4,0.415,0.185
"348",0.19921875,0.0617650916871098,0.0588806349074773,0,0.4,0.415,0.185
"349",0.48046875,0.0617650916871098,0.0588806349074773,0,0.4,0.415,0.185
"350",0.25,0.0617650916871098,0.0588806349074773,0,0.4,0.415,0.185
"351",0.43359375,0.0617650916871098,0.0588806349074773,0,0.4,0.415,0.185
"352",0.21875,0.0617650916871098,0.0588806349074773,0,0.4,0.415,0.185
"353",0.140625,0.0617650916871098,0.0588806349074773,0,0.4,0.415,0.185
"354",0.22265625,0.0617650916871098,0.0588806349074773,0,0.4,0.415,0.185
"355",0.47265625,0.0617650916871098,0.0588806349074773,0,0.4,0.415,0.185
"356",0.34375,0.0617650916871098,0.0588806349074773,0,0.4,0.415,0.185
"357",0.484375,0.0617650916871098,0.0588806349074773,0,0.4,0.415,0.185
"358",0.21484375,0.0617650916871098,0.0588806349074773,0,0.4,0.415,0.185
"359",0.46484375,0.0617650916871098,0.0588806349074773,0,0.4,0.415,0.185
"360",0.24609375,0.0617650916871098,0.0588806349074773,0,0.4,0.415,0.185
"361",0.2421875,0.0617650916871098,0.0588806349074773,0,0.4,0.415,0.185
"362",0.45703125,0.0617650916871098,0.0588806349074773,0,0.4,0.415,0.185
"363",0.2734375,0.0617650916871098,0.0588806349074773,0,0.4,0.415,0.185
"364",0.4375,0.0617650916871098,0.0588806349074773,0,0.4,0.415,0.185
"365",0.32421875,0.0617650916871098,0.0588806349074773,0,0.4,0.415,0.185
"366",0.16796875,0.0617650916871098,0.0588806349074773,0,0.4,0.415,0.185
"367",0.2421875,0.0617650916871098,0.0588806349074773,0,0.4,0.415,0.185
"368",0.34765625,0.0617650916871098,0.0588806349074773,0,0.4,0.415,0.185
"369",0.28515625,0.0617650916871098,0.0588806349074773,0,0.4,0.415,0.185
"370",0.61328125,0.0617650916871098,0.0588806349074773,0,0.4,0.415,0.185
"371",0.3515625,0.0617650916871098,0.0588806349074773,0,0.4,0.415,0.185
"372",0.40234375,0.0617650916871098,0.0588806349074773,0,0.4,0.415,0.185
"373",0.45703125,0.0617650916871098,0.0588806349074773,0,0.4,0.415,0.185
"374",0.234375,0.0617650916871098,0.0588806349074773,0,0.4,0.415,0.185
"375",0.25390625,0.0617650916871098,0.0588806349074773,0,0.4,0.415,0.185
"376",0.42578125,0.0617650916871098,0.0588806349074773,0,0.4,0.415,0.185
"377",0.33984375,0.0617650916871098,0.0588806349074773,0,0.4,0.415,0.185
"378",0.52734375,0.0617650916871098,0.0588806349074773,0,0.4,0.415,0.185
"379",0.27734375,0.0617650916871098,0.0588806349074773,0,0.4,0.415,0.185
"380",0.37890625,0.0617650916871098,0.0588806349074773,0,0.4,0.415,0.185
"381",0.31640625,0.0617650916871098,0.0588806349074773,0,0.4,0.415,0.185
"382",0.3515625,0.0617650916871098,0.0588806349074773,0,0.4,0.415,0.185
"383",0.2578125,0.0617650916871098,0.0588806349074773,0,0.4,0.415,0.185
"384",0.296875,0.0617650916871098,0.0588806349074773,0,0.4,0.415,0.185
"385",1,0.0617650916871098,0.0588806349074773,0,0.4,0.415,0.185
"386",1,0.0617650916871098,0.0588806349074773,0,0.4,0.415,0.185
"387",1,0.0617650916871098,0.0588806349074773,0,0.4,0.415,0.185
"388",0.40234375,0.0617650916871098,0.0588806349074773,0,0.4,0.415,0.185
"389",0.78125,0.0617650916871098,0.0588806349074773,0,0.4,0.415,0.185
"390",0.1953125,0.0617650916871098,0.0588806349074773,0,0.4,0.415,0.185
"391",0.54296875,0.0617650916871098,0.0588806349074773,0,0.4,0.415,0.185
"392",0.34375,0.0617650916871098,0.0588806349074773,0,0.4,0.415,0.185
"393",0.234375,0.0617650916871098,0.0588806349074773,0,0.4,0.415,0.185
"394",0.24609375,0.0617650916871098,0.0588806349074773,0,0.4,0.415,0.185
"395",0.26171875,0.0617650916871098,0.0588806349074773,0,0.4,0.415,0.185
"396",0.44140625,0.0617650916871098,0.0588806349074773,0,0.4,0.415,0.185
"397",0.3203125,0.0617650916871098,0.0588806349074773,0,0.4,0.415,0.185
"398",0.17578125,0.0617650916871098,0.0588806349074773,0,0.4,0.415,0.185
"399",0.26953125,0.0617650916871098,0.0588806349074773,0,0.4,0.415,0.185
"400",0.2578125,0.0617650916871098,0.0588806349074773,0,0.4,0.415,0.185
"401",0.64453125,0.0617650916871098,0.0588806349074773,0,0.4,0.415,0.185
"402",0.30859375,0.0617650916871098,0.0588806349074773,0,0.4,0.415,0.185
"403",0.59765625,0.0617650916871098,0.0588806349074773,0,0.4,0.415,0.185
"404",0.60546875,0.0617650916871098,0.0588806349074773,0,0.4,0.415,0.185
"405",0.390625,0.0617650916871098,0.0588806349074773,0,0.4,0.415,0.185
"406",0.30078125,0.0617650916871098,0.0588806349074773,0,0.4,0.415,0.185
"407",0.1875,0.0617650916871098,0.0588806349074773,0,0.4,0.415,0.185
"408",0.6015625,0.0617650916871098,0.0588806349074773,0,0.4,0.415,0.185
"409",0.44140625,0.0617650916871098,0.0588806349074773,0,0.4,0.415,0.185
"410",0.21875,0.0617650916871098,0.0588806349074773,0,0.4,0.415,0.185
"411",0.74609375,0.0617650916871098,0.0588806349074773,0,0.4,0.415,0.185
"412",0.359375,0.0617650916871098,0.0588806349074773,0,0.4,0.415,0.185
"413",0.265625,0.0617650916871098,0.0588806349074773,0,0.4,0.415,0.185
"414",0.6171875,0.0617650916871098,0.0588806349074773,0,0.4,0.415,0.185
"415",0.14453125,0.0617650916871098,0.0588806349074773,0,0.4,0.415,0.185
"416",0.56640625,0.0617650916871098,0.0588806349074773,0,0.4,0.415,0.185
"417",0.29296875,0.0617650916871098,0.0588806349074773,0,0.4,0.415,0.185
"418",0.31640625,0.0617650916871098,0.0588806349074773,0,0.4,0.415,0.185
"419",0.5625,0.0617650916871098,0.0588806349074773,0,0.4,0.415,0.185
"420",0.296875,0.0617650916871098,0.0588806349074773,0,0.4,0.415,0.185
"421",0.54296875,0.0617650916871098,0.0588806349074773,0,0.4,0.415,0.185
"422",0.1875,0.0617650916871098,0.0588806349074773,0,0.4,0.415,0.185
"423",0.46875,0.0617650916871098,0.0588806349074773,0,0.4,0.415,0.185
"424",0.2734375,0.0617650916871098,0.0588806349074773,0,0.4,0.415,0.185
"425",0.65234375,0.0617650916871098,0.0588806349074773,0,0.4,0.415,0.185
"426",1,0.0617650916871098,0.0588806349074773,0,0.4,0.415,0.185
"427",0.28515625,0.0617650916871098,0.0588806349074773,0,0.4,0.415,0.185
"428",0.52734375,0.0617650916871098,0.0588806349074773,0,0.4,0.415,0.185
"429",0.5703125,0.0617650916871098,0.0588806349074773,0,0.4,0.415,0.185
"430",0.71484375,0.0617650916871098,0.0588806349074773,0,0.4,0.415,0.185
"431",0.3515625,0.0617650916871098,0.0588806349074773,0,0.4,0.415,0.185
"432",0.5546875,0.0617650916871098,0.0588806349074773,0,0.4,0.415,0.185
"433",0.5390625,0.0617650916871098,0.0588806349074773,0,0.4,0.415,0.185
"434",0.59765625,0.0617650916871098,0.0588806349074773,0,0.4,0.415,0.185
"435",0.2421875,0.0617650916871098,0.0588806349074773,0,0.4,0.415,0.185
"436",0.73046875,0.0617650916871098,0.0588806349074773,0,0.4,0.415,0.185
"437",0.2734375,0.0617650916871098,0.0588806349074773,0,0.4,0.415,0.185
"438",0.28515625,0.0617650916871098,0.0588806349074773,0,0.4,0.415,0.185
"439",0.3046875,0.0617650916871098,0.0588806349074773,0,0.4,0.415,0.185
"440",0.36328125,0.0617650916871098,0.0588806349074773,0,0.4,0.415,0.185
"441",0.34375,0.0617650916871098,0.0588806349074773,0,0.4,0.415,0.185
"442",0.26171875,0.0617650916871098,0.0588806349074773,0,0.4,0.415,0.185
"443",0.703125,0.0617650916871098,0.0588806349074773,0,0.4,0.415,0.185
"444",0.33203125,0.0617650916871098,0.0588806349074773,0,0.4,0.415,0.185
"445",0.1796875,0.0617650916871098,0.0588806349074773,0,0.4,0.415,0.185
"446",0.2421875,0.0617650916871098,0.0588806349074773,0,0.4,0.415,0.185
"447",0.2734375,0.0617650916871098,0.0588806349074773,0,0.4,0.415,0.185
"448",1,0.0617650916871098,0.0588806349074773,0,0.4,0.415,0.185
"449",0.24609375,0.0617650916871098,0.0588806349074773,0,0.4,0.415,0.185
"450",0.296875,0.0617650916871098,0.0588806349074773,0,0.4,0.415,0.185
"451",0.3828125,0.0617650916871098,0.0588806349074773,0,0.4,0.415,0.185
"452",0.15625,0.0617650916871098,0.0588806349074773,0,0.4,0.415,0.185
"453",0.20703125,0.0617650916871098,0.0588806349074773,0,0.4,0.415,0.185
"454",0.53515625,0.0617650916871098,0.0588806349074773,0,0.4,0.415,0.185
"455",0.23828125,0.0617650916871098,0.0588806349074773,0,0.4,0.415,0.185
"456",0.22265625,0.0617650916871098,0.0588806349074773,0,0.4,0.415,0.185
"457",0.55078125,0.0617650916871098,0.0588806349074773,0,0.4,0.415,0.185
"458",0.33984375,0.0617650916871098,0.0588806349074773,0,0.4,0.415,0.185
"459",1,0.0617650916871098,0.0588806349074773,0,0.4,0.415,0.185
"460",0.3125,0.0617650916871098,0.0588806349074773,0,0.4,0.415,0.185
"461",1,0.0617650916871098,0.0588806349074773,0,0.4,0.415,0.185
"462",0.2734375,0.0617650916871098,0.0588806349074773,0,0.4,0.415,0.185
"463",0.625,0.0617650916871098,0.0588806349074773,0,0.4,0.415,0.185
"464",0.22265625,0.0617650916871098,0.0588806349074773,0,0.4,0.415,0.185
"465",0.41796875,0.0617650916871098,0.0588806349074773,0,0.4,0.415,0.185
"466",0.29296875,0.0617650916871098,0.0588806349074773,0,0.4,0.415,0.185
"467",1,0.0617650916871098,0.0588806349074773,0,0.4,0.415,0.185
"468",1,0.0617650916871098,0.0588806349074773,0,0.4,0.415,0.185
"469",0.19921875,0.0617650916871098,0.0588806349074773,0,0.4,0.415,0.185
"470",0.25390625,0.0617650916871098,0.0588806349074773,0,0.4,0.415,0.185
"471",0.34765625,0.0617650916871098,0.0588806349074773,0,0.4,0.415,0.185
"472",0.62109375,0.0617650916871098,0.0588806349074773,0,0.4,0.415,0.185
"473",0.30859375,0.0617650916871098,0.0588806349074773,0,0.4,0.415,0.185
"474",0.27734375,0.0617650916871098,0.0588806349074773,0,0.4,0.415,0.185
"475",0.43359375,0.0617650916871098,0.0588806349074773,0,0.4,0.415,0.185
"476",0.32421875,0.0617650916871098,0.0588806349074773,0,0.4,0.415,0.185
"477",0.25,0.0617650916871098,0.0588806349074773,0,0.4,0.415,0.185
"478",1,0.0617650916871098,0.0588806349074773,0,0.4,0.415,0.185
"479",0.38671875,0.0617650916871098,0.0588806349074773,0,0.4,0.415,0.185
"480",0.33203125,0.0617650916871098,0.0588806349074773,0,0.4,0.415,0.185
"481",0.7734375,0.0617650916871098,0.0588806349074773,0,0.4,0.415,0.185
"482",0.73828125,0.0617650916871098,0.0588806349074773,0,0.4,0.415,0.185
"483",0.27734375,0.0617650916871098,0.0588806349074773,0,0.4,0.415,0.185
"484",0.421875,0.0617650916871098,0.0588806349074773,0,0.4,0.415,0.185
"485",0.35546875,0.0617650916871098,0.0588806349074773,0,0.4,0.415,0.185
"486",0.33203125,0.0617650916871098,0.0588806349074773,0,0.4,0.415,0.185
"487",0.47265625,0.0617650916871098,0.0588806349074773,0,0.4,0.415,0.185
"488",0.43359375,0.0617650916871098,0.0588806349074773,0,0.4,0.415,0.185
"489",0.3671875,0.0617650916871098,0.0588806349074773,0,0.4,0.415,0.185
"490",0.4609375,0.0617650916871098,0.0588806349074773,0,0.4,0.415,0.185
"491",0.375,0.0617650916871098,0.0588806349074773,0,0.4,0.415,0.185
"492",0.20703125,0.0617650916871098,0.0588806349074773,0,0.4,0.415,0.185
"493",0.703125,0.0617650916871098,0.0588806349074773,0,0.4,0.415,0.185
"494",0.29296875,0.0617650916871098,0.0588806349074773,0,0.4,0.415,0.185
"495",0.19140625,0.0617650916871098,0.0588806349074773,0,0.4,0.415,0.185
"496",0.3828125,0.0617650916871098,0.0588806349074773,0,0.4,0.415,0.185
"497",0.23828125,0.0617650916871098,0.0588806349074773,0,0.4,0.415,0.185
"498",0.6640625,0.0617650916871098,0.0588806349074773,0,0.4,0.415,0.185
"499",0.47265625,0.0617650916871098,0.0588806349074773,0,0.4,0.415,0.185
"500",1,0.0617650916871098,0.0588806349074773,0,0.4,0.415,0.185
"501",0.3671875,0.0617650916871098,0.0588806349074773,0,0.4,0.415,0.185
"502",0.37109375,0.0617650916871098,0.0588806349074773,0,0.4,0.415,0.185
"503",0.625,0.0617650916871098,0.0588806349074773,0,0.4,0.415,0.185
"504",0.2734375,0.0617650916871098,0.0588806349074773,0,0.4,0.415,0.185
"505",0.2890625,0.0617650916871098,0.0588806349074773,0,0.4,0.415,0.185
"506",0.21484375,0.0617650916871098,0.0588806349074773,0,0.4,0.415,0.185
"507",0.35546875,0.0617650916871098,0.0588806349074773,0,0.4,0.415,0.185
"508",0.671875,0.0617650916871098,0.0588806349074773,0,0.4,0.415,0.185
"509",0.33203125,0.0617650916871098,0.0588806349074773,0,0.4,0.415,0.185
"510",0.12890625,0.0617650916871098,0.0588806349074773,0,0.4,0.415,0.185
"511",0.27734375,0.0617650916871098,0.0588806349074773,0,0.4,0.415,0.185
"512",0.265625,0.0617650916871098,0.0588806349074773,0,0.4,0.415,0.185
"513",0.3359375,0.0617650916871098,0.0588806349074773,0,0.4,0.415,0.185
"514",0.20703125,0.0617650916871098,0.0588806349074773,0,0.4,0.415,0.185
"515",0.328125,0.0617650916871098,0.0588806349074773,0,0.4,0.415,0.185
"516",0.23828125,0.0617650916871098,0.0588806349074773,0,0.4,0.415,0.185
"517",0.26171875,0.0617650916871098,0.0588806349074773,0,0.4,0.415,0.185
"518",0.453125,0.0617650916871098,0.0588806349074773,0,0.4,0.415,0.185
"519",0.26953125,0.0617650916871098,0.0588806349074773,0,0.4,0.415,0.185
"520",0.47265625,0.0617650916871098,0.0588806349074773,0,0.4,0.415,0.185
"521",0.19921875,0.0617650916871098,0.0588806349074773,0,0.4,0.415,0.185
"522",0.203125,0.0617650916871098,0.0588806349074773,0,0.4,0.415,0.185
"523",0.2578125,0.0617650916871098,0.0588806349074773,0,0.4,0.415,0.185
"524",1,0.0617650916871098,0.0588806349074773,0,0.4,0.415,0.185
"525",0.51171875,0.0617650916871098,0.0588806349074773,0,0.4,0.415,0.185
"526",0.38671875,0.0617650916871098,0.0588806349074773,0,0.4,0.415,0.185
"527",0.48046875,0.0617650916871098,0.0588806349074773,0,0.4,0.415,0.185
"528",0.18359375,0.0617650916871098,0.0588806349074773,0,0.4,0.415,0.185
"529",0.47265625,0.0617650916871098,0.0588806349074773,0,0.4,0.415,0.185
"530",0.328125,0.0617650916871098,0.0588806349074773,0,0.4,0.415,0.185
"531",0.29296875,0.0617650916871098,0.0588806349074773,0,0.4,0.415,0.185
"532",0.37109375,0.0617650916871098,0.0588806349074773,0,0.4,0.415,0.185
"533",0.28515625,0.0617650916871098,0.0588806349074773,0,0.4,0.415,0.185
"534",0.1328125,0.0617650916871098,0.0588806349074773,0,0.4,0.415,0.185
"535",0.65625,0.0617650916871098,0.0588806349074773,0,0.4,0.415,0.185
"536",0.1796875,0.0617650916871098,0.0588806349074773,0,0.4,0.415,0.185
"537",0.58984375,0.0617650916871098,0.0588806349074773,0,0.4,0.415,0.185
"538",0.6171875,0.0617650916871098,0.0588806349074773,0,0.4,0.415,0.185
"539",0.4921875,0.0617650916871098,0.0588806349074773,0,0.4,0.415,0.185
"540",0.2734375,0.0617650916871098,0.0588806349074773,0,0.4,0.415,0.185
"541",0.62109375,0.0617650916871098,0.0588806349074773,0,0.4,0.415,0.185
"542",0.70703125,0.0617650916871098,0.0588806349074773,0,0.4,0.415,0.185
"543",0.4453125,0.0617650916871098,0.0588806349074773,0,0.4,0.415,0.185
"544",0.55078125,0.0617650916871098,0.0588806349074773,0,0.4,0.415,0.185
"545",0.18359375,0.0617650916871098,0.0588806349074773,0,0.4,0.415,0.185
"546",0.71875,0.0617650916871098,0.0588806349074773,0,0.4,0.415,0.185
"547",1,0.0617650916871098,0.0588806349074773,0,0.4,0.415,0.185
"548",0.59765625,0.0617650916871098,0.0588806349074773,0,0.4,0.415,0.185
"549",0.4765625,0.0617650916871098,0.0588806349074773,0,0.4,0.415,0.185
"550",0.25,0.0617650916871098,0.0588806349074773,0,0.4,0.415,0.185
"551",0.453125,0.0617650916871098,0.0588806349074773,0,0.4,0.415,0.185
"552",0.671875,0.0617650916871098,0.0588806349074773,0,0.4,0.415,0.185
"553",0.5234375,0.0617650916871098,0.0588806349074773,0,0.4,0.415,0.185
"554",0.37109375,0.0617650916871098,0.0588806349074773,0,0.4,0.415,0.185
"555",0.23828125,0.0617650916871098,0.0588806349074773,0,0.4,0.415,0.185
"556",0.1484375,0.0617650916871098,0.0588806349074773,0,0.4,0.415,0.185
"557",0.4140625,0.0617650916871098,0.0588806349074773,0,0.4,0.415,0.185
"558",0.21484375,0.0617650916871098,0.0588806349074773,0,0.4,0.415,0.185
"559",0.2421875,0.0617650916871098,0.0588806349074773,0,0.4,0.415,0.185
"560",0.29296875,0.0617650916871098,0.0588806349074773,0,0.4,0.415,0.185
"561",0.46484375,0.0617650916871098,0.0588806349074773,0,0.4,0.415,0.185
"562",0.26953125,0.0617650916871098,0.0588806349074773,0,0.4,0.415,0.185
"563",0.26171875,0.0617650916871098,0.0588806349074773,0,0.4,0.415,0.185
"564",0.4609375,0.0617650916871098,0.0588806349074773,0,0.4,0.415,0.185
"565",0.36328125,0.0617650916871098,0.0588806349074773,0,0.4,0.415,0.185
"566",0.16015625,0.0617650916871098,0.0588806349074773,0,0.4,0.415,0.185
"567",0.6484375,0.0617650916871098,0.0588806349074773,0,0.4,0.415,0.185
"568",0.44921875,0.0617650916871098,0.0588806349074773,0,0.4,0.415,0.185
"569",0.4375,0.0617650916871098,0.0588806349074773,0,0.4,0.415,0.185
"570",0.4140625,0.0617650916871098,0.0588806349074773,0,0.4,0.415,0.185
"571",0.58984375,0.0617650916871098,0.0588806349074773,0,0.4,0.415,0.185
"572",1,0.0617650916871098,0.0588806349074773,0,0.4,0.415,0.185
"573",0.234375,0.0617650916871098,0.0588806349074773,0,0.4,0.415,0.185
"574",1,0.0617650916871098,0.0588806349074773,0,0.4,0.415,0.185
"575",0.3046875,0.0617650916871098,0.0588806349074773,0,0.4,0.415,0.185
"576",0.19921875,0.0617650916871098,0.0588806349074773,0,0.4,0.415,0.185
"577",0.24609375,0.0617650916871098,0.0588806349074773,0,0.4,0.415,0.185
"578",0.86328125,0.0617650916871098,0.0588806349074773,0,0.4,0.415,0.185
"579",0.26953125,0.0617650916871098,0.0588806349074773,0,0.4,0.415,0.185
"580",0.38671875,0.0617650916871098,0.0588806349074773,0,0.4,0.415,0.185
"581",0.390625,0.0617650916871098,0.0588806349074773,0,0.4,0.415,0.185
"582",0.28125,0.0617650916871098,0.0588806349074773,0,0.4,0.415,0.185
"583",0.36328125,0.0617650916871098,0.0588806349074773,0,0.4,0.415,0.185
"584",0.35546875,0.0617650916871098,0.0588806349074773,0,0.4,0.415,0.185
"585",0.19921875,0.0617650916871098,0.0588806349074773,0,0.4,0.415,0.185
"586",0.3671875,0.0617650916871098,0.0588806349074773,0,0.4,0.415,0.185
"587",0.5703125,0.0617650916871098,0.0588806349074773,0,0.4,0.415,0.185
"588",0.23828125,0.0617650916871098,0.0588806349074773,0,0.4,0.415,0.185
"589",0.1875,0.0617650916871098,0.0588806349074773,0,0.4,0.415,0.185
"590",0.5,0.0617650916871098,0.0588806349074773,0,0.4,0.415,0.185
"591",0.38671875,0.0617650916871098,0.0588806349074773,0,0.4,0.415,0.185
"592",0.62109375,0.0617650916871098,0.0588806349074773,0,0.4,0.415,0.185
"593",1,0.0617650916871098,0.0588806349074773,0,0.4,0.415,0.185
"594",0.375,0.0617650916871098,0.0588806349074773,0,0.4,0.415,0.185
"595",0.2109375,0.0617650916871098,0.0588806349074773,0,0.4,0.415,0.185
"596",0.28515625,0.0617650916871098,0.0588806349074773,0,0.4,0.415,0.185
"597",0.6796875,0.0617650916871098,0.0588806349074773,0,0.4,0.415,0.185
"598",0.26171875,0.0617650916871098,0.0588806349074773,0,0.4,0.415,0.185
"599",0.390625,0.0617650916871098,0.0588806349074773,0,0.4,0.415,0.185
"600",0.421875,0.0617650916871098,0.0588806349074773,0,0.4,0.415,0.185
"601",0.453125,0.0617650916871098,0.0588806349074773,0,0.4,0.415,0.185
"602",1,0.0617650916871098,0.0588806349074773,0,0.4,0.415,0.185
"603",1,0.0617650916871098,0.0588806349074773,0,0.4,0.415,0.185
"604",0.56640625,0.0617650916871098,0.0588806349074773,0,0.4,0.415,0.185
"605",0.6015625,0.0617650916871098,0.0588806349074773,0,0.4,0.415,0.185
"606",0.30859375,0.0617650916871098,0.0588806349074773,0,0.4,0.415,0.185
"607",0.421875,0.0617650916871098,0.0588806349074773,0,0.4,0.415,0.185
"608",0.6015625,0.0617650916871098,0.0588806349074773,0,0.4,0.415,0.185
"609",0.4609375,0.0617650916871098,0.0588806349074773,0,0.4,0.415,0.185
"610",0.62890625,0.0617650916871098,0.0588806349074773,0,0.4,0.415,0.185
"611",0.55078125,0.0617650916871098,0.0588806349074773,0,0.4,0.415,0.185
"612",0.234375,0.0617650916871098,0.0588806349074773,0,0.4,0.415,0.185
"613",0.25390625,0.0617650916871098,0.0588806349074773,0,0.4,0.415,0.185
"614",0.41796875,0.0617650916871098,0.0588806349074773,0,0.4,0.415,0.185
"615",0.3359375,0.0617650916871098,0.0588806349074773,0,0.4,0.415,0.185
"616",0.4296875,0.0617650916871098,0.0588806349074773,0,0.4,0.415,0.185
"617",1,0.0617650916871098,0.0588806349074773,0,0.4,0.415,0.185
"618",0.28125,0.0617650916871098,0.0588806349074773,0,0.4,0.415,0.185
"619",0.16015625,0.0617650916871098,0.0588806349074773,0,0.4,0.415,0.185
"620",1,0.0617650916871098,0.0588806349074773,0,0.4,0.415,0.185
"621",0.31640625,0.0617650916871098,0.0588806349074773,0,0.4,0.415,0.185
"622",0.46484375,0.0617650916871098,0.0588806349074773,0,0.4,0.415,0.185
"623",0.35546875,0.0617650916871098,0.0588806349074773,0,0.4,0.415,0.185
"624",0.46484375,0.0617650916871098,0.0588806349074773,0,0.4,0.415,0.185
"625",0.3203125,0.0617650916871098,0.0588806349074773,0,0.4,0.415,0.185
"626",0.6875,0.0617650916871098,0.0588806349074773,0,0.4,0.415,0.185
"627",0.3046875,0.0617650916871098,0.0588806349074773,0,0.4,0.415,0.185
"628",0.3828125,0.0617650916871098,0.0588806349074773,0,0.4,0.415,0.185
"629",0.30078125,0.0617650916871098,0.0588806349074773,0,0.4,0.415,0.185
"630",0.19921875,0.0617650916871098,0.0588806349074773,0,0.4,0.415,0.185
"631",0.24609375,0.0617650916871098,0.0588806349074773,0,0.4,0.415,0.185
"632",0.7890625,0.0617650916871098,0.0588806349074773,0,0.4,0.415,0.185
"633",0.5546875,0.0617650916871098,0.0588806349074773,0,0.4,0.415,0.185
"634",0.125,0.0617650916871098,0.0588806349074773,0,0.4,0.415,0.185
"635",1,0.0617650916871098,0.0588806349074773,0,0.4,0.415,0.185
"636",0.5,0.0617650916871098,0.0588806349074773,0,0.4,0.415,0.185
"637",0.2578125,0.0617650916871098,0.0588806349074773,0,0.4,0.415,0.185
"638",0.265625,0.0617650916871098,0.0588806349074773,0,0.4,0.415,0.185
"639",0.6171875,0.0617650916871098,0.0588806349074773,0,0.4,0.415,0.185
"640",0.2265625,0.0617650916871098,0.0588806349074773,0,0.4,0.415,0.185
"641",0.26171875,0.0617650916871098,0.0588806349074773,0,0.4,0.415,0.185
"642",0.26171875,0.0617650916871098,0.0588806349074773,0,0.4,0.415,0.185
"643",0.25,0.0617650916871098,0.0588806349074773,0,0.4,0.415,0.185
"644",0.1953125,0.0617650916871098,0.0588806349074773,0,0.4,0.415,0.185
"645",0.19921875,0.0617650916871098,0.0588806349074773,0,0.4,0.415,0.185
"646",0.23046875,0.0617650916871098,0.0588806349074773,0,0.4,0.415,0.185
"647",0.65234375,0.0617650916871098,0.0588806349074773,0,0.4,0.415,0.185
"648",0.66796875,0.0617650916871098,0.0588806349074773,0,0.4,0.415,0.185
"649",0.58203125,0.0617650916871098,0.0588806349074773,0,0.4,0.415,0.185
"650",0.2578125,0.0617650916871098,0.0588806349074773,0,0.4,0.415,0.185
"651",0.30078125,0.0617650916871098,0.0588806349074773,0,0.4,0.415,0.185
"652",0.26953125,0.0617650916871098,0.0588806349074773,0,0.4,0.415,0.185
"653",0.26171875,0.0617650916871098,0.0588806349074773,0,0.4,0.415,0.185
"654",0.60546875,0.0617650916871098,0.0588806349074773,0,0.4,0.415,0.185
"655",0.43359375,0.0617650916871098,0.0588806349074773,0,0.4,0.415,0.185
"656",0.57421875,0.0617650916871098,0.0588806349074773,0,0.4,0.415,0.185
"657",0.3203125,0.0617650916871098,0.0588806349074773,0,0.4,0.415,0.185
"658",0.359375,0.0617650916871098,0.0588806349074773,0,0.4,0.415,0.185
"659",0.22265625,0.0617650916871098,0.0588806349074773,0,0.4,0.415,0.185
"660",0.35546875,0.0617650916871098,0.0588806349074773,0,0.4,0.415,0.185
"661",0.31640625,0.0617650916871098,0.0588806349074773,0,0.4,0.415,0.185
"662",0.296875,0.0617650916871098,0.0588806349074773,0,0.4,0.415,0.185
"663",0.5703125,0.0617650916871098,0.0588806349074773,0,0.4,0.415,0.185
"664",0.34765625,0.0617650916871098,0.0588806349074773,0,0.4,0.415,0.185
"665",0.375,0.0617650916871098,0.0588806349074773,0,0.4,0.415,0.185
"666",0.421875,0.0617650916871098,0.0588806349074773,0,0.4,0.415,0.185
"667",1,0.0617650916871098,0.0588806349074773,0,0.4,0.415,0.185
"668",0.75,0.0617650916871098,0.0588806349074773,0,0.4,0.415,0.185
"669",0.2734375,0.0617650916871098,0.0588806349074773,0,0.4,0.415,0.185
"670",0.328125,0.0617650916871098,0.0588806349074773,0,0.4,0.415,0.185
"671",0.4453125,0.0617650916871098,0.0588806349074773,0,0.4,0.415,0.185
"672",0.3046875,0.0617650916871098,0.0588806349074773,0,0.4,0.415,0.185
"673",0.58203125,0.0617650916871098,0.0588806349074773,0,0.4,0.415,0.185
"674",0.23046875,0.0617650916871098,0.0588806349074773,0,0.4,0.415,0.185
"675",0.30078125,0.0617650916871098,0.0588806349074773,0,0.4,0.415,0.185
"676",0.28515625,0.0617650916871098,0.0588806349074773,0,0.4,0.415,0.185
"677",0.2890625,0.0617650916871098,0.0588806349074773,0,0.4,0.415,0.185
"678",0.328125,0.0617650916871098,0.0588806349074773,0,0.4,0.415,0.185
"679",0.3671875,0.0617650916871098,0.0588806349074773,0,0.4,0.415,0.185
"680",0.2734375,0.0617650916871098,0.0588806349074773,0,0.4,0.415,0.185
"681",0.28515625,0.0617650916871098,0.0588806349074773,0,0.4,0.415,0.185
"682",0.42578125,0.0617650916871098,0.0588806349074773,0,0.4,0.415,0.185
"683",0.38671875,0.0617650916871098,0.0588806349074773,0,0.4,0.415,0.185
"684",0.8046875,0.0617650916871098,0.0588806349074773,0,0.4,0.415,0.185
"685",0.234375,0.0617650916871098,0.0588806349074773,0,0.4,0.415,0.185
"686",0.16015625,0.0617650916871098,0.0588806349074773,0,0.4,0.415,0.185
"687",0.42578125,0.0617650916871098,0.0588806349074773,0,0.4,0.415,0.185
"688",0.29296875,0.0617650916871098,0.0588806349074773,0,0.4,0.415,0.185
"689",0.6015625,0.0617650916871098,0.0588806349074773,0,0.4,0.415,0.185
"690",0.5390625,0.0617650916871098,0.0588806349074773,0,0.4,0.415,0.185
"691",0.5625,0.0617650916871098,0.0588806349074773,0,0.4,0.415,0.185
"692",0.421875,0.0617650916871098,0.0588806349074773,0,0.4,0.415,0.185
"693",0.65625,0.0617650916871098,0.0588806349074773,0,0.4,0.415,0.185
"694",0.296875,0.0617650916871098,0.0588806349074773,0,0.4,0.415,0.185
"695",0.18359375,0.0617650916871098,0.0588806349074773,0,0.4,0.415,0.185
"696",1,0.0617650916871098,0.0588806349074773,0,0.4,0.415,0.185
"697",0.46875,0.0617650916871098,0.0588806349074773,0,0.4,0.415,0.185
"698",0.3984375,0.0617650916871098,0.0588806349074773,0,0.4,0.415,0.185
"699",0.30859375,0.0617650916871098,0.0588806349074773,0,0.4,0.415,0.185
"700",0.5,0.0617650916871098,0.0588806349074773,0,0.4,0.415,0.185
"701",0.234375,0.0617650916871098,0.0588806349074773,0,0.4,0.415,0.185
"702",0.30078125,0.0617650916871098,0.0588806349074773,0,0.4,0.415,0.185
"703",0.37109375,0.0617650916871098,0.0588806349074773,0,0.4,0.415,0.185
"704",0.484375,0.0617650916871098,0.0588806349074773,0,0.4,0.415,0.185
"705",0.46875,0.0617650916871098,0.0588806349074773,0,0.4,0.415,0.185
"706",0.2265625,0.0617650916871098,0.0588806349074773,0,0.4,0.415,0.185
"707",0.46875,0.0617650916871098,0.0588806349074773,0,0.4,0.415,0.185
"708",0.44921875,0.0617650916871098,0.0588806349074773,0,0.4,0.415,0.185
"709",0.6875,0.0617650916871098,0.0588806349074773,0,0.4,0.415,0.185
"710",0.5625,0.0617650916871098,0.0588806349074773,0,0.4,0.415,0.185
"711",0.66015625,0.0617650916871098,0.0588806349074773,0,0.4,0.415,0.185
"712",0.40625,0.0617650916871098,0.0588806349074773,0,0.4,0.415,0.185
"713",0.3203125,0.0617650916871098,0.0588806349074773,0,0.4,0.415,0.185
"714",0.609375,0.0617650916871098,0.0588806349074773,0,0.4,0.415,0.185
"715",0.4609375,0.0617650916871098,0.0588806349074773,0,0.4,0.415,0.185
"716",0.1953125,0.0617650916871098,0.0588806349074773,0,0.4,0.415,0.185
"717",0.46484375,0.0617650916871098,0.0588806349074773,0,0.4,0.415,0.185
"718",0.28515625,0.0617650916871098,0.0588806349074773,0,0.4,0.415,0.185
"719",0.12890625,0.0617650916871098,0.0588806349074773,0,0.4,0.415,0.185
"720",0.39453125,0.0617650916871098,0.0588806349074773,0,0.4,0.415,0.185
"721",0.39453125,0.0617650916871098,0.0588806349074773,0,0.4,0.415,0.185
"722",0.67578125,0.0617650916871098,0.0588806349074773,0,0.4,0.415,0.185
"723",0.3671875,0.0617650916871098,0.0588806349074773,0,0.4,0.415,0.185
"724",0.6015625,0.0617650916871098,0.0588806349074773,0,0.4,0.415,0.185
"725",0.46484375,0.0617650916871098,0.0588806349074773,0,0.4,0.415,0.185
"726",0.6015625,0.0617650916871098,0.0588806349074773,0,0.4,0.415,0.185
"727",0.5546875,0.0617650916871098,0.0588806349074773,0,0.4,0.415,0.185
"728",0.3984375,0.0617650916871098,0.0588806349074773,0,0.4,0.415,0.185
"729",0.42578125,0.0617650916871098,0.0588806349074773,0,0.4,0.415,0.185
"730",0.15234375,0.0617650916871098,0.0588806349074773,0,0.4,0.415,0.185
"731",0.6796875,0.0617650916871098,0.0588806349074773,0,0.4,0.415,0.185
"732",0.3671875,0.0617650916871098,0.0588806349074773,0,0.4,0.415,0.185
"733",0.46875,0.0617650916871098,0.0588806349074773,0,0.4,0.415,0.185
"734",0.17578125,0.0617650916871098,0.0588806349074773,0,0.4,0.415,0.185
"735",0.44921875,0.0617650916871098,0.0588806349074773,0,0.4,0.415,0.185
"736",0.38671875,0.0617650916871098,0.0588806349074773,0,0.4,0.415,0.185
"737",0.421875,0.0617650916871098,0.0588806349074773,0,0.4,0.415,0.185
"738",0.5,0.0617650916871098,0.0588806349074773,0,0.4,0.415,0.185
"739",0.24609375,0.0617650916871098,0.0588806349074773,0,0.4,0.415,0.185
"740",0.4375,0.0617650916871098,0.0588806349074773,0,0.4,0.415,0.185
"741",0.6953125,0.0617650916871098,0.0588806349074773,0,0.4,0.415,0.185
"742",0.453125,0.0617650916871098,0.0588806349074773,0,0.4,0.415,0.185
"743",0.45703125,0.0617650916871098,0.0588806349074773,0,0.4,0.415,0.185
"744",0.17578125,0.0617650916871098,0.0588806349074773,0,0.4,0.415,0.185
"745",0.22265625,0.0617650916871098,0.0588806349074773,0,0.4,0.415,0.185
"746",1,0.0617650916871098,0.0588806349074773,0,0.4,0.415,0.185
"747",0.21484375,0.0617650916871098,0.0588806349074773,0,0.4,0.415,0.185
"748",0.5390625,0.0617650916871098,0.0588806349074773,0,0.4,0.415,0.185
"749",0.5,0.0617650916871098,0.0588806349074773,0,0.4,0.415,0.185
"750",0.39453125,0.0617650916871098,0.0588806349074773,0,0.4,0.415,0.185
"751",0.48046875,0.0617650916871098,0.0588806349074773,0,0.4,0.415,0.185
"752",0.38671875,0.0617650916871098,0.0588806349074773,0,0.4,0.415,0.185
"753",1,0.0617650916871098,0.0588806349074773,0,0.4,0.415,0.185
"754",0.60546875,0.0617650916871098,0.0588806349074773,0,0.4,0.415,0.185
"755",0.20703125,0.0617650916871098,0.0588806349074773,0,0.4,0.415,0.185
"756",0.21875,0.0617650916871098,0.0588806349074773,0,0.4,0.415,0.185
"757",0.5078125,0.0617650916871098,0.0588806349074773,0,0.4,0.415,0.185
"758",0.21484375,0.0617650916871098,0.0588806349074773,0,0.4,0.415,0.185
"759",0.41796875,0.0617650916871098,0.0588806349074773,0,0.4,0.415,0.185
"760",0.26171875,0.0617650916871098,0.0588806349074773,0,0.4,0.415,0.185
"761",0.4609375,0.0617650916871098,0.0588806349074773,0,0.4,0.415,0.185
"762",0.32421875,0.0617650916871098,0.0588806349074773,0,0.4,0.415,0.185
"763",0.2421875,0.0617650916871098,0.0588806349074773,0,0.4,0.415,0.185
"764",0.2734375,0.0617650916871098,0.0588806349074773,0,0.4,0.415,0.185
"765",0.2109375,0.0617650916871098,0.0588806349074773,0,0.4,0.415,0.185
"766",0.2421875,0.0617650916871098,0.0588806349074773,0,0.4,0.415,0.185
"767",0.6640625,0.0617650916871098,0.0588806349074773,0,0.4,0.415,0.185
"768",0.1953125,0.0617650916871098,0.0588806349074773,0,0.4,0.415,0.185
"769",0.38671875,0.0617650916871098,0.0588806349074773,0,0.4,0.415,0.185
"770",0.47265625,0.0617650916871098,0.0588806349074773,0,0.4,0.415,0.185
"771",0.29296875,0.0617650916871098,0.0588806349074773,0,0.4,0.415,0.185
"772",0.38671875,0.0617650916871098,0.0588806349074773,0,0.4,0.415,0.185
"773",0.38671875,0.0617650916871098,0.0588806349074773,0,0.4,0.415,0.185
"774",0.25390625,0.0617650916871098,0.0588806349074773,0,0.4,0.415,0.185
"775",0.578125,0.0617650916871098,0.0588806349074773,0,0.4,0.415,0.185
"776",0.22265625,0.0617650916871098,0.0588806349074773,0,0.4,0.415,0.185
"777",0.41796875,0.0617650916871098,0.0588806349074773,0,0.4,0.415,0.185
"778",0.48828125,0.0617650916871098,0.0588806349074773,0,0.4,0.415,0.185
"779",1,0.0617650916871098,0.0588806349074773,0,0.4,0.415,0.185
"780",0.25390625,0.0617650916871098,0.0588806349074773,0,0.4,0.415,0.185
"781",0.6328125,0.0617650916871098,0.0588806349074773,0,0.4,0.415,0.185
"782",1,0.0617650916871098,0.0588806349074773,0,0.4,0.415,0.185
"783",0.22265625,0.0617650916871098,0.0588806349074773,0,0.4,0.415,0.185
"784",0.2109375,0.0617650916871098,0.0588806349074773,0,0.4,0.415,0.185
"785",0.5703125,0.0617650916871098,0.0588806349074773,0,0.4,0.415,0.185
"786",0.25390625,0.0617650916871098,0.0588806349074773,0,0.4,0.415,0.185
"787",0.28515625,0.0617650916871098,0.0588806349074773,0,0.4,0.415,0.185
"788",0.35546875,0.0617650916871098,0.0588806349074773,0,0.4,0.415,0.185
"789",0.109375,0.0617650916871098,0.0588806349074773,0,0.4,0.415,0.185
"790",0.3671875,0.0617650916871098,0.0588806349074773,0,0.4,0.415,0.185
"791",0.3359375,0.0617650916871098,0.0588806349074773,0,0.4,0.415,0.185
"792",0.28125,0.0617650916871098,0.0588806349074773,0,0.4,0.415,0.185
"793",0.28125,0.0617650916871098,0.0588806349074773,0,0.4,0.415,0.185
"794",0.48046875,0.0617650916871098,0.0588806349074773,0,0.4,0.415,0.185
"795",0.64453125,0.0617650916871098,0.0588806349074773,0,0.4,0.415,0.185
"796",0.2109375,0.0617650916871098,0.0588806349074773,0,0.4,0.415,0.185
"797",0.421875,0.0617650916871098,0.0588806349074773,0,0.4,0.415,0.185
"798",0.359375,0.0617650916871098,0.0588806349074773,0,0.4,0.415,0.185
"799",0.5234375,0.0617650916871098,0.0588806349074773,0,0.4,0.415,0.185
"800",0.1953125,0.0617650916871098,0.0588806349074773,0,0.4,0.415,0.185
"801",0.2734375,0.0617650916871098,0.0588806349074773,0,0.4,0.415,0.185
"802",0.48046875,0.0617650916871098,0.0588806349074773,0,0.4,0.415,0.185
"803",0.90625,0.0617650916871098,0.0588806349074773,0,0.4,0.415,0.185
"804",0.4375,0.0617650916871098,0.0588806349074773,0,0.4,0.415,0.185
"805",0.25,0.0617650916871098,0.0588806349074773,0,0.4,0.415,0.185
"806",0.3046875,0.0617650916871098,0.0588806349074773,0,0.4,0.415,0.185
"807",0.30859375,0.0617650916871098,0.0588806349074773,0,0.4,0.415,0.185
"808",0.203125,0.0617650916871098,0.0588806349074773,0,0.4,0.415,0.185
"809",1,0.0617650916871098,0.0588806349074773,0,0.4,0.415,0.185
"810",0.18359375,0.0617650916871098,0.0588806349074773,0,0.4,0.415,0.185
"811",0.2890625,0.0617650916871098,0.0588806349074773,0,0.4,0.415,0.185
"812",0.578125,0.0617650916871098,0.0588806349074773,0,0.4,0.415,0.185
"813",0.58984375,0.0617650916871098,0.0588806349074773,0,0.4,0.415,0.185
"814",0.27734375,0.0617650916871098,0.0588806349074773,0,0.4,0.415,0.185
"815",0.4140625,0.0617650916871098,0.0588806349074773,0,0.4,0.415,0.185
"816",0.265625,0.0617650916871098,0.0588806349074773,0,0.4,0.415,0.185
"817",0.65234375,0.0617650916871098,0.0588806349074773,0,0.4,0.415,0.185
"818",0.171875,0.0617650916871098,0.0588806349074773,0,0.4,0.415,0.185
"819",0.8203125,0.0617650916871098,0.0588806349074773,0,0.4,0.415,0.185
"820",1,0.0617650916871098,0.0588806349074773,0,0.4,0.415,0.185
"821",0.55859375,0.0617650916871098,0.0588806349074773,0,0.4,0.415,0.185
"822",0.44140625,0.0617650916871098,0.0588806349074773,0,0.4,0.415,0.185
"823",0.34375,0.0617650916871098,0.0588806349074773,0,0.4,0.415,0.185
"824",0.4140625,0.0617650916871098,0.0588806349074773,0,0.4,0.415,0.185
"825",0.41015625,0.0617650916871098,0.0588806349074773,0,0.4,0.415,0.185
"826",0.32421875,0.0617650916871098,0.0588806349074773,0,0.4,0.415,0.185
"827",0.26171875,0.0617650916871098,0.0588806349074773,0,0.4,0.415,0.185
"828",0.2109375,0.0617650916871098,0.0588806349074773,0,0.4,0.415,0.185
"829",0.54296875,0.0617650916871098,0.0588806349074773,0,0.4,0.415,0.185
"830",0.671875,0.0617650916871098,0.0588806349074773,0,0.4,0.415,0.185
"831",0.37890625,0.0617650916871098,0.0588806349074773,0,0.4,0.415,0.185
"832",0.3515625,0.0617650916871098,0.0588806349074773,0,0.4,0.415,0.185
"833",0.40625,0.0617650916871098,0.0588806349074773,0,0.4,0.415,0.185
"834",0.6328125,0.0617650916871098,0.0588806349074773,0,0.4,0.415,0.185
"835",0.453125,0.0617650916871098,0.0588806349074773,0,0.4,0.415,0.185
"836",0.21875,0.0617650916871098,0.0588806349074773,0,0.4,0.415,0.185
"837",0.3046875,0.0617650916871098,0.0588806349074773,0,0.4,0.415,0.185
"838",0.30078125,0.0617650916871098,0.0588806349074773,0,0.4,0.415,0.185
"839",0.41015625,0.0617650916871098,0.0588806349074773,0,0.4,0.415,0.185
"840",0.5,0.0617650916871098,0.0588806349074773,0,0.4,0.415,0.185
"841",0.41796875,0.0617650916871098,0.0588806349074773,0,0.4,0.415,0.185
"842",0.2109375,0.0617650916871098,0.0588806349074773,0,0.4,0.415,0.185
"843",0.37890625,0.0617650916871098,0.0588806349074773,0,0.4,0.415,0.185
"844",0.2734375,0.0617650916871098,0.0588806349074773,0,0.4,0.415,0.185
"845",0.37109375,0.0617650916871098,0.0588806349074773,0,0.4,0.415,0.185
"846",1,0.0617650916871098,0.0588806349074773,0,0.4,0.415,0.185
"847",0.31640625,0.0617650916871098,0.0588806349074773,0,0.4,0.415,0.185
"848",0.2109375,0.0617650916871098,0.0588806349074773,0,0.4,0.415,0.185
"849",0.3203125,0.0617650916871098,0.0588806349074773,0,0.4,0.415,0.185
"850",0.5234375,0.0617650916871098,0.0588806349074773,0,0.4,0.415,0.185
"851",0.2265625,0.0617650916871098,0.0588806349074773,0,0.4,0.415,0.185
"852",0.55859375,0.0617650916871098,0.0588806349074773,0,0.4,0.415,0.185
"853",0.3125,0.0617650916871098,0.0588806349074773,0,0.4,0.415,0.185
"854",0.25,0.0617650916871098,0.0588806349074773,0,0.4,0.415,0.185
"855",1,0.0617650916871098,0.0588806349074773,0,0.4,0.415,0.185
"856",0.3046875,0.0617650916871098,0.0588806349074773,0,0.4,0.415,0.185
"857",0.37109375,0.0617650916871098,0.0588806349074773,0,0.4,0.415,0.185
"858",0.30859375,0.0617650916871098,0.0588806349074773,0,0.4,0.415,0.185
"859",0.2578125,0.0617650916871098,0.0588806349074773,0,0.4,0.415,0.185
"860",0.3515625,0.0617650916871098,0.0588806349074773,0,0.4,0.415,0.185
"861",0.24609375,0.0617650916871098,0.0588806349074773,0,0.4,0.415,0.185
"862",0.30859375,0.0617650916871098,0.0588806349074773,0,0.4,0.415,0.185
"863",0.36328125,0.0617650916871098,0.0588806349074773,0,0.4,0.415,0.185
"864",0.2265625,0.0617650916871098,0.0588806349074773,0,0.4,0.415,0.185
"865",0.51171875,0.0617650916871098,0.0588806349074773,0,0.4,0.415,0.185
"866",0.3203125,0.0617650916871098,0.0588806349074773,0,0.4,0.415,0.185
"867",0.35546875,0.0617650916871098,0.0588806349074773,0,0.4,0.415,0.185
"868",0.28515625,0.0617650916871098,0.0588806349074773,0,0.4,0.415,0.185
"869",0.3046875,0.0617650916871098,0.0588806349074773,0,0.4,0.415,0.185
"870",0.23046875,0.0617650916871098,0.0588806349074773,0,0.4,0.415,0.185
"871",0.36328125,0.0617650916871098,0.0588806349074773,0,0.4,0.415,0.185
"872",0.3125,0.0617650916871098,0.0588806349074773,0,0.4,0.415,0.185
"873",0.37890625,0.0617650916871098,0.0588806349074773,0,0.4,0.415,0.185
"874",0.42578125,0.0617650916871098,0.0588806349074773,0,0.4,0.415,0.185
"875",0.55078125,0.0617650916871098,0.0588806349074773,0,0.4,0.415,0.185
"876",0.3515625,0.0617650916871098,0.0588806349074773,0,0.4,0.415,0.185
"877",0.203125,0.0617650916871098,0.0588806349074773,0,0.4,0.415,0.185
"878",0.6484375,0.0617650916871098,0.0588806349074773,0,0.4,0.415,0.185
"879",0.73046875,0.0617650916871098,0.0588806349074773,0,0.4,0.415,0.185
"880",0.578125,0.0617650916871098,0.0588806349074773,0,0.4,0.415,0.185
"881",0.61328125,0.0617650916871098,0.0588806349074773,0,0.4,0.415,0.185
"882",0.26171875,0.0617650916871098,0.0588806349074773,0,0.4,0.415,0.185
"883",0.51171875,0.0617650916871098,0.0588806349074773,0,0.4,0.415,0.185
"884",0.26953125,0.0617650916871098,0.0588806349074773,0,0.4,0.415,0.185
"885",0.30078125,0.0617650916871098,0.0588806349074773,0,0.4,0.415,0.185
"886",0.38671875,0.0617650916871098,0.0588806349074773,0,0.4,0.415,0.185
"887",0.4140625,0.0617650916871098,0.0588806349074773,0,0.4,0.415,0.185
"888",0.234375,0.0617650916871098,0.0588806349074773,0,0.4,0.415,0.185
"889",0.66015625,0.0617650916871098,0.0588806349074773,0,0.4,0.415,0.185
"890",0.1875,0.0617650916871098,0.0588806349074773,0,0.4,0.415,0.185
"891",0.3984375,0.0617650916871098,0.0588806349074773,0,0.4,0.415,0.185
"892",0.26953125,0.0617650916871098,0.0588806349074773,0,0.4,0.415,0.185
"893",1,0.0617650916871098,0.0588806349074773,0,0.4,0.415,0.185
"894",0.19921875,0.0617650916871098,0.0588806349074773,0,0.4,0.415,0.185
"895",0.5078125,0.0617650916871098,0.0588806349074773,0,0.4,0.415,0.185
"896",0.40625,0.0617650916871098,0.0588806349074773,0,0.4,0.415,0.185
"897",0.3125,0.0617650916871098,0.0588806349074773,0,0.4,0.415,0.185
"898",0.3828125,0.0617650916871098,0.0588806349074773,0,0.4,0.415,0.185
"899",0.26953125,0.0617650916871098,0.0588806349074773,0,0.4,0.415,0.185
"900",0.5,0.0617650916871098,0.0588806349074773,0,0.4,0.415,0.185
"901",1,0.0617650916871098,0.0588806349074773,0,0.4,0.415,0.185
"902",0.3125,0.0617650916871098,0.0588806349074773,0,0.4,0.415,0.185
"903",0.65625,0.0617650916871098,0.0588806349074773,0,0.4,0.415,0.185
"904",0.359375,0.0617650916871098,0.0588806349074773,0,0.4,0.415,0.185
"905",0.27734375,0.0617650916871098,0.0588806349074773,0,0.4,0.415,0.185
"906",0.26953125,0.0617650916871098,0.0588806349074773,0,0.4,0.415,0.185
"907",0.46875,0.0617650916871098,0.0588806349074773,0,0.4,0.415,0.185
"908",0.62109375,0.0617650916871098,0.0588806349074773,0,0.4,0.415,0.185
"909",0.44921875,0.0617650916871098,0.0588806349074773,0,0.4,0.415,0.185
"910",0.41015625,0.0617650916871098,0.0588806349074773,0,0.4,0.415,0.185
"911",0.2265625,0.0617650916871098,0.0588806349074773,0,0.4,0.415,0.185
"912",0.19921875,0.0617650916871098,0.0588806349074773,0,0.4,0.415,0.185
"913",0.33984375,0.0617650916871098,0.0588806349074773,0,0.4,0.415,0.185
"914",0.30859375,0.0617650916871098,0.0588806349074773,0,0.4,0.415,0.185
"915",0.44921875,0.0617650916871098,0.0588806349074773,0,0.4,0.415,0.185
"916",0.34375,0.0617650916871098,0.0588806349074773,0,0.4,0.415,0.185
"917",0.25390625,0.0617650916871098,0.0588806349074773,0,0.4,0.415,0.185
"918",0.63671875,0.0617650916871098,0.0588806349074773,0,0.4,0.415,0.185
"919",0.16796875,0.0617650916871098,0.0588806349074773,0,0.4,0.415,0.185
"920",0.3046875,0.0617650916871098,0.0588806349074773,0,0.4,0.415,0.185
"921",0.6875,0.0617650916871098,0.0588806349074773,0,0.4,0.415,0.185
"922",0.32421875,0.0617650916871098,0.0588806349074773,0,0.4,0.415,0.185
"923",0.36328125,0.0617650916871098,0.0588806349074773,0,0.4,0.415,0.185
"924",0.3046875,0.0617650916871098,0.0588806349074773,0,0.4,0.415,0.185
"925",0.1328125,0.0617650916871098,0.0588806349074773,0,0.4,0.415,0.185
"926",0.73046875,0.0617650916871098,0.0588806349074773,0,0.4,0.415,0.185
"927",0.44921875,0.0617650916871098,0.0588806349074773,0,0.4,0.415,0.185
"928",0.2265625,0.0617650916871098,0.0588806349074773,0,0.4,0.415,0.185
"929",0.09375,0.0617650916871098,0.0588806349074773,0,0.4,0.415,0.185
"930",0.3671875,0.0617650916871098,0.0588806349074773,0,0.4,0.415,0.185
"931",0.22265625,0.0617650916871098,0.0588806349074773,0,0.4,0.415,0.185
"932",0.58203125,0.0617650916871098,0.0588806349074773,0,0.4,0.415,0.185
"933",0.67578125,0.0617650916871098,0.0588806349074773,0,0.4,0.415,0.185
"934",0.20703125,0.0617650916871098,0.0588806349074773,0,0.4,0.415,0.185
"935",0.2265625,0.0617650916871098,0.0588806349074773,0,0.4,0.415,0.185
"936",0.31640625,0.0617650916871098,0.0588806349074773,0,0.4,0.415,0.185
"937",0.2734375,0.0617650916871098,0.0588806349074773,0,0.4,0.415,0.185
"938",0.26171875,0.0617650916871098,0.0588806349074773,0,0.4,0.415,0.185
"939",0.39453125,0.0617650916871098,0.0588806349074773,0,0.4,0.415,0.185
"940",0.55859375,0.0617650916871098,0.0588806349074773,0,0.4,0.415,0.185
"941",0.3359375,0.0617650916871098,0.0588806349074773,0,0.4,0.415,0.185
"942",0.37890625,0.0617650916871098,0.0588806349074773,0,0.4,0.415,0.185
"943",0.37109375,0.0617650916871098,0.0588806349074773,0,0.4,0.415,0.185
"944",0.25390625,0.0617650916871098,0.0588806349074773,0,0.4,0.415,0.185
"945",1,0.0617650916871098,0.0588806349074773,0,0.4,0.415,0.185
"946",0.4453125,0.0617650916871098,0.0588806349074773,0,0.4,0.415,0.185
"947",0.22265625,0.0617650916871098,0.0588806349074773,0,0.4,0.415,0.185
"948",0.64453125,0.0617650916871098,0.0588806349074773,0,0.4,0.415,0.185
"949",0.33984375,0.0617650916871098,0.0588806349074773,0,0.4,0.415,0.185
"950",0.39453125,0.0617650916871098,0.0588806349074773,0,0.4,0.415,0.185
"951",0.625,0.0617650916871098,0.0588806349074773,0,0.4,0.415,0.185
"952",0.39453125,0.0617650916871098,0.0588806349074773,0,0.4,0.415,0.185
"953",1,0.0617650916871098,0.0588806349074773,0,0.4,0.415,0.185
"954",0.57421875,0.0617650916871098,0.0588806349074773,0,0.4,0.415,0.185
"955",0.46484375,0.0617650916871098,0.0588806349074773,0,0.4,0.415,0.185
"956",0.37109375,0.0617650916871098,0.0588806349074773,0,0.4,0.415,0.185
"957",0.1796875,0.0617650916871098,0.0588806349074773,0,0.4,0.415,0.185
"958",0.44140625,0.0617650916871098,0.0588806349074773,0,0.4,0.415,0.185
"959",0.41796875,0.0617650916871098,0.0588806349074773,0,0.4,0.415,0.185
"960",0.11328125,0.0617650916871098,0.0588806349074773,0,0.4,0.415,0.185
"961",0.90234375,0.0617650916871098,0.0588806349074773,0,0.4,0.415,0.185
"962",0.3515625,0.0617650916871098,0.0588806349074773,0,0.4,0.415,0.185
"963",0.55078125,0.0617650916871098,0.0588806349074773,0,0.4,0.415,0.185
"964",0.60546875,0.0617650916871098,0.0588806349074773,0,0.4,0.415,0.185
"965",0.40234375,0.0617650916871098,0.0588806349074773,0,0.4,0.415,0.185
"966",0.35546875,0.0617650916871098,0.0588806349074773,0,0.4,0.415,0.185
"967",0.33984375,0.0617650916871098,0.0588806349074773,0,0.4,0.415,0.185
"968",0.23046875,0.0617650916871098,0.0588806349074773,0,0.4,0.415,0.185
"969",0.34765625,0.0617650916871098,0.0588806349074773,0,0.4,0.415,0.185
"970",0.2578125,0.0617650916871098,0.0588806349074773,0,0.4,0.415,0.185
"971",0.41796875,0.0617650916871098,0.0588806349074773,0,0.4,0.415,0.185
"972",0.5859375,0.0617650916871098,0.0588806349074773,0,0.4,0.415,0.185
"973",0.6796875,0.0617650916871098,0.0588806349074773,0,0.4,0.415,0.185
"974",0.2734375,0.0617650916871098,0.0588806349074773,0,0.4,0.415,0.185
"975",0.42578125,0.0617650916871098,0.0588806349074773,0,0.4,0.415,0.185
"976",0.19140625,0.0617650916871098,0.0588806349074773,0,0.4,0.415,0.185
"977",0.23046875,0.0617650916871098,0.0588806349074773,0,0.4,0.415,0.185
"978",0.50390625,0.0617650916871098,0.0588806349074773,0,0.4,0.415,0.185
"979",0.25,0.0617650916871098,0.0588806349074773,0,0.4,0.415,0.185
"980",0.26171875,0.0617650916871098,0.0588806349074773,0,0.4,0.415,0.185
"981",0.35546875,0.0617650916871098,0.0588806349074773,0,0.4,0.415,0.185
"982",0.46875,0.0617650916871098,0.0588806349074773,0,0.4,0.415,0.185
"983",0.3515625,0.0617650916871098,0.0588806349074773,0,0.4,0.415,0.185
"984",0.61328125,0.0617650916871098,0.0588806349074773,0,0.4,0.415,0.185
"985",0.328125,0.0617650916871098,0.0588806349074773,0,0.4,0.415,0.185
"986",0.29296875,0.0617650916871098,0.0588806349074773,0,0.4,0.415,0.185
"987",0.359375,0.0617650916871098,0.0588806349074773,0,0.4,0.415,0.185
"988",0.37890625,0.0617650916871098,0.0588806349074773,0,0.4,0.415,0.185
"989",0.41796875,0.0617650916871098,0.0588806349074773,0,0.4,0.415,0.185
"990",0.5,0.0617650916871098,0.0588806349074773,0,0.4,0.415,0.185
"991",1,0.0617650916871098,0.0588806349074773,0,0.4,0.415,0.185
"992",0.2421875,0.0617650916871098,0.0588806349074773,0,0.4,0.415,0.185
"993",0.27734375,0.0617650916871098,0.0588806349074773,0,0.4,0.415,0.185
"994",0.4375,0.0617650916871098,0.0588806349074773,0,0.4,0.415,0.185
"995",0.2421875,0.0617650916871098,0.0588806349074773,0,0.4,0.415,0.185
"996",0.3515625,0.0617650916871098,0.0588806349074773,0,0.4,0.415,0.185
"997",0.4609375,0.0617650916871098,0.0588806349074773,0,0.4,0.415,0.185
"998",0.25,0.0617650916871098,0.0588806349074773,0,0.4,0.415,0.185
"999",0.61328125,0.0617650916871098,0.0588806349074773,0,0.4,0.415,0.185
"1000",1,0.0617650916871098,0.0588806349074773,0,0.4,0.415,0.185
