"","embryo","prop.aneu","prob.meio","prob.mito","dispersal","euploid","mosaic","aneuploid"
"1",1,0.5844141,0.4126313,0.04157186,0,0.33,0.21,0.46
"2",2,0.4527344,0.2152468,0.04028492,0,0.38,0.28,0.34
"3",3,0.5680469,0.4194252,0.0465961,0,0.29,0.29,0.42
"4",4,0.4967969,0.342438,0.03140603,0,0.47,0.14,0.39
"5",5,0.4905859,0.3139165,0.04154153,0,0.4,0.27,0.33
"6",6,0.6156641,0.4715696,0.02973135,0,0.31,0.15,0.54
"7",7,0.5761719,0.4372134,0.04276921,0,0.32,0.26,0.42
"8",8,0.4571094,0.1729174,0.04695554,0,0.41,0.26,0.33
"9",9,0.4804297,0.4317591,0.01683639,0,0.43,0.14,0.43
"10",10,0.4999609,0.3053492,0.03614031,0,0.36,0.25,0.39
"11",1,0.5636719,0.495345,0.03853859,0,0.31,0.21,0.48
"12",2,0.5517188,0.4171245,0.02798266,0,0.41,0.14,0.45
"13",3,0.4261328,0.4186866,0.01228032,0,0.45,0.17,0.38
"14",4,0.4883203,0.4545979,0.01248883,0,0.43,0.13,0.44
"15",5,0.6158594,0.4411816,0.03048001,0,0.32,0.14,0.54
"16",6,0.5951172,0.3390921,0.05679924,0,0.29,0.27,0.44
"17",7,0.561875,0.5442825,0.03159455,0,0.36,0.14,0.5
"18",8,0.5265234,0.2638947,0.05896474,0,0.34,0.3,0.36
"19",9,0.6132812,0.4417872,0.03543848,0,0.29,0.2,0.51
"20",10,0.5457422,0.2762626,0.04653835,0,0.33,0.26,0.41
"21",1,0.5684766,0.2707026,0.06206659,0,0.33,0.29,0.38
"22",2,0.5275391,0.244046,0.0604596,0,0.35,0.26,0.39
"23",3,0.6391016,0.3887723,0.06773407,0,0.24,0.29,0.47
"24",4,0.6563281,0.5134906,0.05300527,0,0.27,0.23,0.5
"25",5,0.3903125,0.2507574,0.02309973,0,0.53,0.17,0.3
"26",6,0.5748047,0.4111596,0.05106839,0,0.27,0.31,0.42
"27",7,0.5997656,0.359081,0.06370621,0,0.3,0.27,0.43
"28",8,0.5496484,0.3552185,0.05326454,0,0.31,0.28,0.41
"29",9,0.4732422,0.3668492,0.01739903,0,0.51,0.09,0.4
"30",10,0.4838281,0.3447503,0.01237739,0,0.46,0.1,0.44
"31",1,0.6237891,0.4916684,0.0487996,0,0.26,0.21,0.53
"32",2,0.4542969,0.3972895,0.01286415,0,0.51,0.08,0.41
"33",3,0.6271094,0.4560474,0.04886761,0,0.26,0.24,0.5
"34",4,0.6342969,0.4069747,0.06590708,0,0.29,0.25,0.46
"35",5,0.5883203,0.2895445,0.05323574,0,0.33,0.25,0.42
"36",6,0.4005078,0.3095731,0.01555793,0,0.51,0.15,0.34
"37",7,0.5657031,0.3718407,0.05417416,0,0.32,0.29,0.39
"38",8,0.52875,0.2887965,0.03377405,0,0.35,0.28,0.37
"39",9,0.6313672,0.3430242,0.06924255,0,0.24,0.26,0.5
"40",10,0.6261328,0.4422067,0.05415361,0,0.3,0.23,0.47
"41",1,0.4866797,0.2643371,0.03748117,0,0.38,0.28,0.34
"42",2,0.6417188,0.4909689,0.03818599,0,0.28,0.16,0.56
"43",3,0.5503125,0.4086105,0.05816196,0,0.31,0.3,0.39
"44",4,0.5748047,0.5140498,0.03639535,0,0.34,0.18,0.48
"45",5,0.4205469,0.2528432,0.03663856,0,0.46,0.26,0.28
"46",6,0.6086719,0.3273094,0.06674288,0,0.29,0.28,0.43
"47",7,0.6101562,0.3416781,0.05240976,0,0.29,0.21,0.5
"48",8,0.523125,0.3698712,0.03815467,0,0.32,0.29,0.39
"49",9,0.6466797,0.5080891,0.04736778,0,0.25,0.23,0.52
"50",10,0.5387109,0.2069832,0.05585427,0,0.35,0.25,0.4
"51",1,0.4600781,0.4891227,0.008837324,0,0.48,0.09,0.43
"52",2,0.4902734,0.4634644,0.022191693,0,0.43,0.12,0.45
"53",3,0.5844141,0.3869748,0.0449133,0,0.31,0.23,0.46
"54",4,0.5670703,0.6171197,0.020749361,0,0.36,0.12,0.52
"55",5,0.5158984,0.3547376,0.020187217,0,0.44,0.09,0.47
"56",6,0.4452734,0.3474471,0.03819129,0,0.47,0.19,0.34
"57",7,0.5325,0.4278927,0.019298419,0,0.36,0.16,0.48
"58",8,0.5618359,0.3062855,0.059216042,0,0.31,0.3,0.39
"59",9,0.5957813,0.3794866,0.044737038,0,0.34,0.18,0.48
"60",10,0.5283984,0.3551125,0.043706788,0,0.35,0.27,0.38
"61",1,0.6594531,0.4211165,0.063968912,0,0.28,0.21,0.51
"62",2,0.6485547,0.4905389,0.037084081,0,0.28,0.17,0.55
"63",3,0.5916406,0.2938746,0.05932638,0,0.24,0.31,0.45
"64",4,0.4975391,0.4508117,0.02259218,0,0.48,0.08,0.44
"65",5,0.4229688,0.3843596,0.010451348,0,0.49,0.11,0.4
"66",6,0.4877344,0.3510504,0.027941666,0,0.41,0.2,0.39
"67",7,0.4985156,0.440699,0.034973284,0,0.44,0.18,0.38
"68",8,0.3959375,0.4244156,0.009226775,0,0.55,0.08,0.37
"69",9,0.6543359,0.4334201,0.060444918,0,0.22,0.29,0.49
"70",10,0.6453125,0.585781,0.031920222,0,0.28,0.16,0.56
"71",1,0.3635937,0.3278785,0.01699877,0,0.55,0.17,0.28
"72",2,0.7004687,0.5588538,0.0473324,0,0.21,0.21,0.58
"73",3,0.6514453,0.5471819,0.04551154,0,0.25,0.2,0.55
"74",4,0.5464453,0.1646829,0.05747375,0,0.35,0.27,0.38
"75",5,0.3791016,0.2466031,0.02125981,0,0.48,0.23,0.29
"76",6,0.6992188,0.530102,0.0757056,0,0.2,0.22,0.58
"77",7,0.4846094,0.2532437,0.04345778,0,0.41,0.24,0.35
"78",8,0.6646875,0.4508016,0.06088915,0,0.22,0.26,0.52
"79",9,0.596875,0.4272453,0.04050785,0,0.27,0.22,0.51
"80",10,0.5416797,0.2020981,0.04940601,0,0.37,0.26,0.37
"81",1,0.4977344,0.3936884,0.03045936,0,0.44,0.16,0.4
"82",2,0.4866406,0.3351082,0.01665268,0,0.4,0.17,0.43
"83",3,0.5123437,0.2984437,0.03800784,0,0.43,0.2,0.37
"84",4,0.5285156,0.3562992,0.02669158,0,0.41,0.2,0.39
"85",5,0.5377344,0.5107169,0.01309592,0,0.4,0.09,0.51
"86",6,0.549375,0.5176449,0.01204316,0,0.38,0.1,0.52
"87",7,0.5193359,0.3492095,0.03586481,0,0.32,0.22,0.46
"88",8,0.5376172,0.3056143,0.03553307,0,0.34,0.2,0.46
"89",9,0.5575,0.3631156,0.04420635,0,0.33,0.24,0.43
"90",10,0.5245313,0.4174443,0.01723471,0,0.4,0.13,0.47
"91",1,0.4429688,0.3076538,0.01859423,0,0.45,0.16,0.39
"92",2,0.605625,0.3985325,0.04139296,0,0.28,0.26,0.46
"93",3,0.5260156,0.4680596,0.01734749,0,0.42,0.11,0.47
"94",4,0.4496875,0.2061999,0.03596468,0,0.37,0.28,0.35
"95",5,0.6490234,0.5081514,0.04820987,0,0.3,0.15,0.55
"96",6,0.4216797,0.3163023,0.01500122,0,0.51,0.12,0.37
"97",7,0.4677734,0.3364217,0.02165171,0,0.47,0.17,0.36
"98",8,0.5665234,0.4240844,0.05470873,0,0.34,0.23,0.43
"99",9,0.4696484,0.37982,0.03377083,0,0.42,0.23,0.35
"100",10,0.6283594,0.5451863,0.03487737,0,0.32,0.17,0.51
"101",1,0.5929688,0.4380122,0.02286969,0,0.28,0.18,0.54
"102",2,0.6854297,0.4681791,0.05417035,0,0.23,0.24,0.53
"103",3,0.5134766,0.2666737,0.04529098,0,0.39,0.25,0.36
"104",4,0.540625,0.3355135,0.05124218,0,0.35,0.22,0.43
"105",5,0.4864453,0.4534873,0.01929641,0,0.44,0.13,0.43
"106",6,0.4256641,0.3522528,0.02614158,0,0.5,0.18,0.32
"107",7,0.4532031,0.3368649,0.01501016,0,0.5,0.11,0.39
"108",8,0.5976172,0.4596734,0.03585328,0,0.3,0.18,0.52
"109",9,0.3866797,0.3788358,0.01071991,0,0.56,0.09,0.35
"110",10,0.5615234,0.4127585,0.03824564,0,0.36,0.17,0.47
"111",1,0.6257031,0.3110427,0.065384931,0,0.25,0.33,0.42
"112",2,0.7771875,0.217548,0.144582636,0,0.09,0.49,0.42
"113",3,0.5765625,0.3915694,0.050174084,0,0.29,0.27,0.44
"114",4,0.5208203,0.4835263,0.022923172,0,0.39,0.18,0.43
"115",5,0.4859766,0.4739986,0.011007535,0,0.46,0.11,0.43
"116",6,0.7033594,0.1718191,0.128309492,0,0.12,0.45,0.43
"117",7,0.6620312,0.2322671,0.086861894,0,0.2,0.36,0.44
"118",8,0.6958203,0.1459368,0.120255005,0,0.08,0.5,0.42
"119",9,0.4309375,0.4156146,0.003483809,0,0.54,0.04,0.42
"120",10,0.6626172,0.3473301,0.082489616,0,0.28,0.28,0.44
"121",1,0.6301562,0.4083338,0.04432755,0,0.32,0.18,0.5
"122",2,0.6048828,0.4236258,0.06432137,0,0.28,0.31,0.41
"123",3,0.509375,0.3973952,0.02211949,0,0.45,0.11,0.44
"124",4,0.4571094,0.3072559,0.02747091,0,0.48,0.16,0.36
"125",5,0.4924219,0.3338406,0.0385924,0,0.34,0.32,0.34
"126",6,0.6717188,0.2826112,0.08548419,0,0.26,0.23,0.51
"127",7,0.5980469,0.5225767,0.02933707,0,0.28,0.18,0.54
"128",8,0.4971875,0.3468287,0.03277239,0,0.41,0.18,0.41
"129",9,0.6318359,0.3929458,0.06925445,0,0.27,0.31,0.42
"130",10,0.4910937,0.2828028,0.03761643,0,0.39,0.25,0.36
"131",1,0.4805469,0.4253018,0.02797406,0,0.37,0.25,0.38
"132",2,0.5214453,0.3766737,0.046820753,0,0.38,0.24,0.38
"133",3,0.5522656,0.4699205,0.028200394,0,0.33,0.19,0.48
"134",4,0.585625,0.4897315,0.03381168,0,0.35,0.18,0.47
"135",5,0.6604297,0.4975821,0.056542206,0,0.29,0.2,0.51
"136",6,0.4832812,0.2907805,0.019158244,0,0.43,0.16,0.41
"137",7,0.5350781,0.2803474,0.046125243,0,0.34,0.28,0.38
"138",8,0.4190234,0.2671865,0.017741475,0,0.49,0.15,0.36
"139",9,0.4588281,0.4288459,0.008175887,0,0.47,0.09,0.44
"140",10,0.5588281,0.4927621,0.014501434,0,0.37,0.12,0.51
"141",1,0.5175781,0.4239625,0.02476066,0,0.46,0.11,0.43
"142",2,0.5526562,0.3926983,0.04296608,0,0.29,0.24,0.47
"143",3,0.6098438,0.3716351,0.07916505,0,0.29,0.25,0.46
"144",4,0.4920312,0.3861659,0.02205532,0,0.41,0.17,0.42
"145",5,0.5999219,0.3629115,0.04174284,0,0.28,0.26,0.46
"146",6,0.6137891,0.4097678,0.05283258,0,0.27,0.25,0.48
"147",7,0.565625,0.3494947,0.03127444,0,0.38,0.15,0.47
"148",8,0.60125,0.3614338,0.07358729,0,0.3,0.27,0.43
"149",9,0.6340234,0.3829663,0.05417601,0,0.31,0.22,0.47
"150",10,0.52,0.5031431,0.02186606,0,0.37,0.16,0.47
"151",1,0.4211328,0.2330286,0.02674466,0,0.47,0.2,0.33
"152",2,0.6567188,0.4197585,0.08052246,0,0.26,0.29,0.45
"153",3,0.6059766,0.3528788,0.05080735,0,0.29,0.25,0.46
"154",4,0.6412891,0.3453712,0.05987053,0,0.25,0.27,0.48
"155",5,0.5672266,0.404909,0.04461968,0,0.35,0.2,0.45
"156",6,0.4701953,0.336971,0.03800528,0,0.48,0.19,0.33
"157",7,0.4691797,0.3352235,0.02844229,0,0.39,0.22,0.39
"158",8,0.4697266,0.3408605,0.01687016,0,0.43,0.14,0.43
"159",9,0.6380469,0.3230239,0.07711868,0,0.29,0.29,0.42
"160",10,0.6246094,0.3706844,0.05754967,0,0.33,0.2,0.47
"161",1,0.5765625,0.42652896,0.04639669,0,0.3,0.29,0.41
"162",2,0.6540625,0.35166581,0.0888645,0,0.23,0.34,0.43
"163",3,0.5396875,0.24334221,0.05284146,0,0.32,0.29,0.39
"164",4,0.7082812,0.114773,0.13979003,0,0.14,0.45,0.41
"165",5,0.7239453,0.24321184,0.11138418,0,0.12,0.45,0.43
"166",6,0.6034766,0.31027586,0.06414352,0,0.28,0.29,0.43
"167",7,0.6838281,0.10732945,0.12479183,0,0.15,0.45,0.4
"168",8,0.720625,0.05091126,0.13697376,0,0.09,0.5,0.41
"169",9,0.5339844,0.29169912,0.03680916,0,0.32,0.26,0.42
"170",10,0.745625,0.06609472,0.15537987,0,0.1,0.45,0.45
"171",1,0.5307812,0.4496215,0.03081159,0,0.34,0.22,0.44
"172",2,0.5071875,0.4298055,0.0229026,0,0.44,0.14,0.42
"173",3,0.5626953,0.5163968,0.03369835,0,0.33,0.22,0.45
"174",4,0.5119141,0.4439863,0.01738278,0,0.41,0.16,0.43
"175",5,0.4855859,0.4565767,0.0130602,0,0.45,0.12,0.43
"176",6,0.4926172,0.3318239,0.04238316,0,0.34,0.25,0.41
"177",7,0.5800781,0.3809203,0.04561402,0,0.28,0.26,0.46
"178",8,0.5657422,0.4935906,0.03591285,0,0.35,0.16,0.49
"179",9,0.5023437,0.3400412,0.03125682,0,0.39,0.24,0.37
"180",10,0.4792578,0.3800274,0.02289829,0,0.47,0.13,0.4
"181",1,0.6836719,0.5167588,0.060772507,0,0.29,0.25,0.46
"182",2,0.6278125,0.5239426,0.031857458,0,0.35,0.12,0.53
"183",3,0.5558594,0.4905228,0.032414056,0,0.37,0.18,0.45
"184",4,0.4991797,0.2559375,0.046329893,0,0.37,0.24,0.39
"185",5,0.503125,0.4071046,0.022487288,0,0.44,0.13,0.43
"186",6,0.498125,0.3546251,0.034643376,0,0.4,0.25,0.35
"187",7,0.5513672,0.3337523,0.037388654,0,0.42,0.17,0.41
"188",8,0.4845703,0.4309514,0.009607177,0,0.46,0.09,0.45
"189",9,0.5698437,0.3960212,0.04877567,0,0.34,0.24,0.42
"190",10,0.4776172,0.3468014,0.020016002,0,0.49,0.11,0.4
"191",1,0.4275781,0.3366299,0.01033782,0,0.46,0.16,0.38
"192",2,0.5804297,0.4008436,0.04767906,0,0.3,0.24,0.46
"193",3,0.5091406,0.3316321,0.02660379,0,0.41,0.17,0.42
"194",4,0.6217187,0.4571899,0.04500552,0,0.26,0.23,0.51
"195",5,0.6444531,0.4906577,0.06586322,0,0.28,0.24,0.48
"196",6,0.5800391,0.4699524,0.03011874,0,0.28,0.21,0.51
"197",7,0.4524219,0.3466896,0.03102031,0,0.47,0.2,0.33
"198",8,0.6133984,0.4320211,0.04651774,0,0.27,0.22,0.51
"199",9,0.5236719,0.2876535,0.05661244,0,0.38,0.25,0.37
"200",10,0.5828906,0.4639906,0.03158699,0,0.35,0.17,0.48
"201",1,0.4414453,0.4022097,0.00606174,0,0.53,0.06,0.41
"202",2,0.4930859,0.480425,0.01737318,0,0.47,0.1,0.43
"203",3,0.6238281,0.5296299,0.04472725,0,0.22,0.23,0.55
"204",4,0.4555469,0.329147,0.02974493,0,0.44,0.22,0.34
"205",5,0.6116406,0.3691445,0.06750974,0,0.34,0.24,0.42
"206",6,0.6060547,0.4626812,0.03556049,0,0.31,0.18,0.51
"207",7,0.5454687,0.4930876,0.02866224,0,0.41,0.13,0.46
"208",8,0.6092188,0.4976994,0.03668288,0,0.33,0.17,0.5
"209",9,0.4707812,0.2759829,0.04313706,0,0.4,0.27,0.33
"210",10,0.4239844,0.3373193,0.01173412,0,0.52,0.11,0.37
"211",1,0.545,0.5312005,0.01385267,0,0.39,0.11,0.5
"212",2,0.4586719,0.3839576,0.01281369,0,0.45,0.14,0.41
"213",3,0.4614844,0.254848,0.04000106,0,0.36,0.25,0.39
"214",4,0.5055859,0.37362,0.03808646,0,0.48,0.16,0.36
"215",5,0.6375781,0.5588467,0.03936044,0,0.31,0.13,0.56
"216",6,0.5184375,0.4900321,0.02693837,0,0.36,0.19,0.45
"217",7,0.7091406,0.5417477,0.07100749,0,0.25,0.22,0.53
"218",8,0.4043359,0.288052,0.03009878,0,0.49,0.2,0.31
"219",9,0.4660937,0.2952022,0.02698635,0,0.45,0.23,0.32
"220",10,0.6125781,0.5348478,0.03771121,0,0.34,0.13,0.53
"221",1,0.4662891,0.376094,0.02678259,0,0.41,0.25,0.34
"222",2,0.4194922,0.3557304,0.0242624,0,0.48,0.19,0.33
"223",3,0.4919922,0.2625344,0.0485063,0,0.38,0.29,0.33
"224",4,0.4453906,0.1917134,0.03620965,0,0.43,0.26,0.31
"225",5,0.5198438,0.1137026,0.07446959,0,0.39,0.28,0.33
"226",6,0.5302734,0.3566798,0.02429989,0,0.4,0.15,0.45
"227",7,0.5742578,0.2321998,0.0638569,0,0.39,0.26,0.35
"228",8,0.5666406,0.3072967,0.05720712,0,0.36,0.22,0.42
"229",9,0.5471875,0.3820589,0.03617662,0,0.33,0.24,0.43
"230",10,0.5069141,0.3292203,0.04581178,0,0.37,0.29,0.34
"231",1,0.6211328,0.292366,0.0563758,0,0.26,0.28,0.46
"232",2,0.4687891,0.4602368,0.01196831,0,0.44,0.14,0.42
"233",3,0.6753516,0.3666733,0.08368514,0,0.17,0.37,0.46
"234",4,0.6747656,0.1482243,0.10828584,0,0.12,0.44,0.44
"235",5,0.5716406,0.3979849,0.04629388,0,0.37,0.19,0.44
"236",6,0.7070703,0.2787781,0.11003185,0,0.11,0.44,0.45
"237",7,0.6276953,0.2241542,0.10029485,0,0.28,0.33,0.39
"238",8,0.5688281,0.3043199,0.05954928,0,0.2,0.4,0.4
"239",9,0.6637891,0.3784852,0.08695198,0,0.22,0.36,0.42
"240",10,0.5691406,0.4026329,0.03343144,0,0.25,0.29,0.46
"241",1,0.5239844,0.4496294,0.03992099,0,0.39,0.21,0.4
"242",2,0.5614453,0.4975412,0.02771738,0,0.36,0.16,0.48
"243",3,0.5032813,0.4173776,0.02145779,0,0.41,0.16,0.43
"244",4,0.61625,0.3951471,0.04564027,0,0.29,0.24,0.47
"245",5,0.4607031,0.4151644,0.02077994,0,0.46,0.14,0.4
"246",6,0.4614844,0.4177209,0.0165238,0,0.47,0.15,0.38
"247",7,0.5392969,0.5116518,0.01839413,0,0.41,0.13,0.46
"248",8,0.5591016,0.4084733,0.0325598,0,0.37,0.2,0.43
"249",9,0.5010938,0.4106832,0.02695894,0,0.34,0.22,0.44
"250",10,0.5447656,0.4425001,0.02743394,0,0.36,0.18,0.46
"251",1,0.6173047,0.3164,0.072820944,0,0.3,0.27,0.43
"252",2,0.5307812,0.4194294,0.024244757,0,0.36,0.19,0.45
"253",3,0.5485156,0.3816588,0.049527203,0,0.33,0.29,0.38
"254",4,0.609375,0.4261131,0.051596611,0,0.37,0.16,0.47
"255",5,0.5345313,0.4729678,0.033200247,0,0.25,0.3,0.45
"256",6,0.4851953,0.3752445,0.021668661,0,0.46,0.11,0.43
"257",7,0.6239062,0.5384303,0.037446429,0,0.29,0.18,0.53
"258",8,0.6191406,0.5835194,0.029996666,0,0.32,0.16,0.52
"259",9,0.524375,0.366169,0.019968726,0,0.47,0.08,0.45
"260",10,0.4898828,0.477244,0.007628842,0,0.45,0.1,0.45
"261",1,0.4755078,0.2447568,0.033592636,0,0.41,0.22,0.37
"262",2,0.5861719,0.3501535,0.052779446,0,0.32,0.25,0.43
"263",3,0.5241797,0.3669115,0.042240638,0,0.31,0.23,0.46
"264",4,0.4401953,0.3546034,0.004873171,0,0.51,0.08,0.41
"265",5,0.4295312,0.3469625,0.006556036,0,0.51,0.08,0.41
"266",6,0.4628906,0.3722591,0.018537225,0,0.49,0.09,0.42
"267",7,0.4988672,0.2169456,0.05871446,0,0.41,0.24,0.35
"268",8,0.6429297,0.3425832,0.07157382,0,0.28,0.26,0.46
"269",9,0.5337109,0.2775848,0.056214824,0,0.38,0.22,0.4
"270",10,0.4672266,0.2907707,0.028005168,0,0.43,0.2,0.37
"271",1,0.5530859,0.3915568,0.029709331,0,0.31,0.23,0.46
"272",2,0.5175,0.2750216,0.047717436,0,0.38,0.22,0.4
"273",3,0.6217578,0.3780381,0.062412713,0,0.26,0.29,0.45
"274",4,0.4625391,0.3346126,0.029717282,0,0.41,0.24,0.35
"275",5,0.4515625,0.3846038,0.009560588,0,0.48,0.11,0.41
"276",6,0.5690234,0.2886292,0.054046785,0,0.35,0.22,0.43
"277",7,0.5228516,0.2677134,0.024288581,0,0.39,0.16,0.45
"278",8,0.6248828,0.4252882,0.05309816,0,0.29,0.22,0.49
"279",9,0.6413281,0.4477049,0.044594913,0,0.27,0.2,0.53
"280",10,0.5026953,0.4561684,0.030391849,0,0.4,0.2,0.4
"281",1,0.5044922,0.3855767,0.02534852,0,0.45,0.16,0.39
"282",2,0.4402344,0.216778,0.02766426,0,0.48,0.17,0.35
"283",3,0.4241406,0.251725,0.03321341,0,0.47,0.21,0.32
"284",4,0.6247266,0.468983,0.03029373,0,0.3,0.17,0.53
"285",5,0.5030469,0.3147033,0.02760342,0,0.4,0.19,0.41
"286",6,0.5484766,0.5252786,0.01765755,0,0.43,0.1,0.47
"287",7,0.5746094,0.3524124,0.05308767,0,0.35,0.23,0.42
"288",8,0.3674219,0.2997037,0.01687602,0,0.53,0.15,0.32
"289",9,0.4055078,0.3232203,0.01786634,0,0.5,0.17,0.33
"290",10,0.5992188,0.4985629,0.03074418,0,0.33,0.14,0.53
"291",1,0.4893359,0.3932889,0.01759951,0,0.46,0.11,0.43
"292",2,0.5296484,0.3300778,0.03483408,0,0.33,0.24,0.43
"293",3,0.4835547,0.3551253,0.03823501,0,0.38,0.27,0.35
"294",4,0.5883984,0.4370923,0.0244463,0,0.33,0.17,0.5
"295",5,0.4727344,0.2928293,0.03224655,0,0.5,0.14,0.36
"296",6,0.5966797,0.2991435,0.0703005,0,0.31,0.29,0.4
"297",7,0.6450391,0.4740935,0.03941906,0,0.25,0.25,0.5
"298",8,0.6034375,0.4837316,0.03948173,0,0.25,0.26,0.49
"299",9,0.6508594,0.3797314,0.0669995,0,0.27,0.21,0.52
"300",10,0.4946094,0.361171,0.01720237,0,0.35,0.22,0.43
"301",1,0.4632422,0.4580739,0.007086025,0,0.5,0.07,0.43
"302",2,0.6285547,0.3397238,0.059260313,0,0.25,0.26,0.49
"303",3,0.5110156,0.3184165,0.022360419,0,0.38,0.18,0.44
"304",4,0.5121094,0.4289455,0.018002263,0,0.44,0.09,0.47
"305",5,0.4983984,0.3922553,0.035651046,0,0.39,0.19,0.42
"306",6,0.56875,0.5316287,0.027750388,0,0.26,0.26,0.48
"307",7,0.6516016,0.4207674,0.060334837,0,0.22,0.27,0.51
"308",8,0.4723828,0.371848,0.018728862,0,0.46,0.14,0.4
"309",9,0.4751172,0.4477978,0.01916121,0,0.5,0.1,0.4
"310",10,0.5916016,0.3175196,0.050616635,0,0.33,0.23,0.44
"311",1,0.6332031,0.5042295,0.03645875,0,0.28,0.18,0.54
"312",2,0.5450781,0.4089633,0.04145677,0,0.36,0.21,0.43
"313",3,0.5457031,0.2612594,0.04647353,0,0.29,0.32,0.39
"314",4,0.6228906,0.4028752,0.04758563,0,0.3,0.23,0.47
"315",5,0.4663672,0.3760226,0.03463294,0,0.44,0.21,0.35
"316",6,0.5060938,0.3190879,0.0443973,0,0.44,0.2,0.36
"317",7,0.5056641,0.4351704,0.01172505,0,0.46,0.08,0.46
"318",8,0.6299219,0.4620064,0.05612081,0,0.26,0.26,0.48
"319",9,0.606875,0.4027203,0.03763959,0,0.31,0.22,0.47
"320",10,0.6194531,0.4400686,0.03485887,0,0.28,0.2,0.52
"321",1,0.4888281,0.3187315,0.03987561,0,0.35,0.27,0.38
"322",2,0.6392969,0.4491599,0.06865625,0,0.25,0.28,0.47
"323",3,0.5908203,0.4561544,0.04157173,0,0.34,0.21,0.45
"324",4,0.5375781,0.2942024,0.04269557,0,0.42,0.17,0.41
"325",5,0.4621484,0.3773988,0.02356192,0,0.45,0.15,0.4
"326",6,0.5716797,0.4317038,0.04231973,0,0.37,0.21,0.42
"327",7,0.5263672,0.4299254,0.02670628,0,0.35,0.21,0.44
"328",8,0.5671484,0.3440056,0.05414675,0,0.31,0.26,0.43
"329",9,0.4832812,0.3262942,0.02146045,0,0.43,0.17,0.4
"330",10,0.4931641,0.311484,0.03977515,0,0.43,0.2,0.37
"331",1,0.491875,0.3370493,0.03299657,0,0.42,0.18,0.4
"332",2,0.4942578,0.4002328,0.02051421,0,0.43,0.17,0.4
"333",3,0.4788281,0.4675291,0.01698419,0,0.43,0.15,0.42
"334",4,0.5495313,0.4267916,0.02850544,0,0.37,0.19,0.44
"335",5,0.5769141,0.4276883,0.05784122,0,0.33,0.23,0.44
"336",6,0.4793359,0.2851319,0.03799038,0,0.38,0.22,0.4
"337",7,0.6239453,0.4594583,0.05441372,0,0.32,0.19,0.49
"338",8,0.5698047,0.5438979,0.02100116,0,0.31,0.19,0.5
"339",9,0.6000391,0.3286968,0.05201938,0,0.3,0.25,0.45
"340",10,0.5080078,0.4688064,0.01736143,0,0.41,0.14,0.45
"341",1,0.5913672,0.4201195,0.0326144,0,0.31,0.21,0.48
"342",2,0.6503906,0.3393859,0.0670711,0,0.27,0.24,0.49
"343",3,0.4501172,0.3690782,0.02295628,0,0.44,0.18,0.38
"344",4,0.5743359,0.3773086,0.04312512,0,0.29,0.23,0.48
"345",5,0.4741406,0.3825291,0.02732904,0,0.46,0.18,0.36
"346",6,0.5513672,0.490278,0.03021595,0,0.39,0.18,0.43
"347",7,0.4813672,0.4698797,0.02204907,0,0.46,0.15,0.39
"348",8,0.5422266,0.2642843,0.04173633,0,0.39,0.2,0.41
"349",9,0.5868359,0.5306194,0.03621084,0,0.3,0.19,0.51
"350",10,0.5022656,0.3718898,0.02391845,0,0.43,0.15,0.42
"351",1,0.4614063,0.4020821,0.004642859,0,0.49,0.07,0.44
"352",2,0.5889844,0.5289093,0.037491799,0,0.34,0.19,0.47
"353",3,0.5150781,0.3218247,0.035934931,0,0.33,0.25,0.42
"354",4,0.5271094,0.3639763,0.048538767,0,0.3,0.25,0.45
"355",5,0.5901953,0.5120743,0.032459719,0,0.32,0.19,0.49
"356",6,0.6181641,0.4150373,0.057058691,0,0.26,0.28,0.46
"357",7,0.5397656,0.5768,0.007266025,0,0.41,0.08,0.51
"358",8,0.5877734,0.3513152,0.051809421,0,0.29,0.3,0.41
"359",9,0.5690234,0.2982295,0.058486311,0,0.36,0.25,0.39
"360",10,0.56625,0.5262366,0.045066662,0,0.37,0.18,0.45
"361",1,0.5907813,0.6273139,0.02290171,0,0.37,0.13,0.5
"362",2,0.5510938,0.4473508,0.02492669,0,0.39,0.14,0.47
"363",3,0.57,0.3668831,0.04176352,0,0.38,0.18,0.44
"364",4,0.6004687,0.4495645,0.04576697,0,0.31,0.21,0.48
"365",5,0.5995312,0.3712262,0.05604401,0,0.33,0.23,0.44
"366",6,0.5092188,0.230633,0.04436071,0,0.41,0.22,0.37
"367",7,0.6675,0.353965,0.06101761,0,0.27,0.26,0.47
"368",8,0.5121094,0.4172521,0.02664635,0,0.39,0.2,0.41
"369",9,0.5869531,0.5458578,0.02577994,0,0.31,0.18,0.51
"370",10,0.5856641,0.4884547,0.02604432,0,0.32,0.18,0.5
"371",1,0.5481641,0.5390514,0.01632201,0,0.38,0.13,0.49
"372",2,0.4886719,0.2942793,0.03031585,0,0.43,0.21,0.36
"373",3,0.6151172,0.3001637,0.06933554,0,0.3,0.26,0.44
"374",4,0.6403125,0.3715361,0.04900438,0,0.28,0.23,0.49
"375",5,0.5720703,0.3032697,0.05602688,0,0.36,0.21,0.43
"376",6,0.5954297,0.4492231,0.04417399,0,0.33,0.21,0.46
"377",7,0.5999219,0.4711217,0.04327524,0,0.28,0.23,0.49
"378",8,0.5740625,0.2969359,0.04270436,0,0.35,0.24,0.41
"379",9,0.5424219,0.3928498,0.02881093,0,0.44,0.11,0.45
"380",10,0.4641406,0.3694385,0.02503336,0,0.44,0.15,0.41
"381",1,0.4745313,0.4222386,0.02276865,0,0.49,0.11,0.4
"382",2,0.5741797,0.5112415,0.04523253,0,0.33,0.24,0.43
"383",3,0.4728516,0.4278565,0.01842975,0,0.48,0.12,0.4
"384",4,0.6136719,0.5416446,0.03337723,0,0.28,0.23,0.49
"385",5,0.5954297,0.4421033,0.03143763,0,0.31,0.19,0.5
"386",6,0.548125,0.3931774,0.04409445,0,0.34,0.26,0.4
"387",7,0.4715234,0.3140208,0.03242977,0,0.46,0.17,0.37
"388",8,0.5423438,0.4193072,0.03294348,0,0.39,0.16,0.45
"389",9,0.48,0.2523686,0.03207255,0,0.44,0.2,0.36
"390",10,0.5125,0.277219,0.03517795,0,0.39,0.21,0.4
"391",1,0.5378125,0.3814107,0.03438117,0,0.41,0.18,0.41
"392",2,0.5525,0.3423777,0.03559292,0,0.37,0.24,0.39
"393",3,0.4617188,0.3416683,0.02420419,0,0.5,0.13,0.37
"394",4,0.5905469,0.3530953,0.05463387,0,0.31,0.26,0.43
"395",5,0.5132422,0.3906676,0.02705799,0,0.39,0.16,0.45
"396",6,0.5390625,0.4216137,0.03167115,0,0.33,0.2,0.47
"397",7,0.4784375,0.2213375,0.03160195,0,0.48,0.15,0.37
"398",8,0.5308203,0.4818648,0.02470104,0,0.37,0.17,0.46
"399",9,0.4530469,0.3464703,0.02523223,0,0.46,0.16,0.38
"400",10,0.4791797,0.2795031,0.03065832,0,0.38,0.23,0.39
"401",1,0.5969922,0.4978145,0.03023776,0,0.33,0.17,0.5
"402",2,0.6020703,0.3862628,0.05387234,0,0.31,0.22,0.47
"403",3,0.5206641,0.1811873,0.07225648,0,0.41,0.26,0.33
"404",4,0.5445703,0.3074435,0.03766863,0,0.35,0.21,0.44
"405",5,0.5803516,0.4213144,0.03885006,0,0.34,0.17,0.49
"406",6,0.58125,0.2911972,0.05973728,0,0.35,0.26,0.39
"407",7,0.5053516,0.4807863,0.02220169,0,0.4,0.16,0.44
"408",8,0.5323438,0.4005793,0.03551943,0,0.41,0.16,0.43
"409",9,0.5617578,0.4579072,0.02306731,0,0.4,0.12,0.48
"410",10,0.5764063,0.4625764,0.03275379,0,0.35,0.18,0.47
"411",1,0.6607031,0.4480988,0.06406595,0,0.23,0.27,0.5
"412",2,0.5694141,0.5647366,0.02239402,0,0.35,0.12,0.53
"413",3,0.6441797,0.2965246,0.08048999,0,0.22,0.34,0.44
"414",4,0.6314844,0.2838504,0.07709223,0,0.28,0.3,0.42
"415",5,0.7528906,0.3074174,0.10853716,0,0.16,0.29,0.55
"416",6,0.6819141,0.549801,0.05258394,0,0.29,0.17,0.54
"417",7,0.5440625,0.4834614,0.0123031,0,0.39,0.1,0.51
"418",8,0.4733984,0.2319442,0.05337941,0,0.41,0.27,0.32
"419",9,0.4853516,0.2557982,0.03795982,0,0.37,0.29,0.34
"420",10,0.6571484,0.3028669,0.08171395,0,0.2,0.34,0.46
"421",1,0.5642187,0.3837201,0.0429893,0,0.35,0.24,0.41
"422",2,0.3966406,0.2962891,0.02727831,0,0.46,0.23,0.31
"423",3,0.5283984,0.4408092,0.01552524,0,0.42,0.11,0.47
"424",4,0.6410547,0.5115936,0.03390164,0,0.32,0.13,0.55
"425",5,0.6725,0.4107531,0.05148773,0,0.26,0.22,0.52
"426",6,0.6446484,0.3694876,0.05310121,0,0.25,0.23,0.52
"427",7,0.5945312,0.4187774,0.0310235,0,0.32,0.19,0.49
"428",8,0.5728516,0.398063,0.03797907,0,0.29,0.24,0.47
"429",9,0.6344922,0.3849824,0.05955645,0,0.29,0.24,0.47
"430",10,0.5464453,0.3987874,0.02857534,0,0.41,0.13,0.46
"431",1,0.4877734,0.4353617,0.01101923,0,0.48,0.09,0.43
"432",2,0.4537891,0.2266503,0.03299909,0,0.37,0.28,0.35
"433",3,0.4681641,0.3984608,0.01268626,0,0.48,0.1,0.42
"434",4,0.5617578,0.4371612,0.04680547,0,0.32,0.25,0.43
"435",5,0.5460938,0.3307665,0.04419623,0,0.33,0.23,0.44
"436",6,0.6383203,0.4100418,0.05653797,0,0.23,0.3,0.47
"437",7,0.6464062,0.4040929,0.07064612,0,0.24,0.28,0.48
"438",8,0.5827344,0.4203521,0.05354764,0,0.33,0.27,0.4
"439",9,0.5061328,0.1981833,0.05982115,0,0.35,0.29,0.36
"440",10,0.4962109,0.3445487,0.02516395,0,0.35,0.27,0.38
"441",1,0.6587891,0.5673397,0.042341131,0,0.26,0.2,0.54
"442",2,0.5374219,0.4120962,0.017670929,0,0.39,0.12,0.49
"443",3,0.5605469,0.4645094,0.038892292,0,0.32,0.21,0.47
"444",4,0.4605859,0.3537159,0.009697536,0,0.45,0.12,0.43
"445",5,0.5724609,0.4284891,0.034062642,0,0.34,0.21,0.45
"446",6,0.6147266,0.4043142,0.063103081,0,0.24,0.3,0.46
"447",7,0.5439453,0.3723547,0.040714033,0,0.37,0.23,0.4
"448",8,0.5624609,0.4467662,0.039959145,0,0.34,0.2,0.46
"449",9,0.5592578,0.4056871,0.046884557,0,0.34,0.24,0.42
"450",10,0.6575781,0.5706119,0.038849942,0,0.25,0.22,0.53
"451",1,0.5608203,0.4034799,0.046872144,0,0.28,0.27,0.45
"452",2,0.6173047,0.3929518,0.046597935,0,0.3,0.21,0.49
"453",3,0.5387891,0.3210178,0.035196475,0,0.43,0.17,0.4
"454",4,0.5692969,0.4915839,0.036730241,0,0.36,0.17,0.47
"455",5,0.5416016,0.3025876,0.050960118,0,0.38,0.26,0.36
"456",6,0.544375,0.330547,0.050089421,0,0.36,0.23,0.41
"457",7,0.5823047,0.3749504,0.052055747,0,0.3,0.26,0.44
"458",8,0.6658594,0.3466204,0.076790295,0,0.29,0.24,0.47
"459",9,0.5641406,0.4455981,0.035786045,0,0.32,0.23,0.45
"460",10,0.4694922,0.4218096,0.009602895,0,0.44,0.12,0.44
"461",1,0.4426172,0.2998657,0.02015643,0,0.46,0.18,0.36
"462",2,0.5892578,0.4759918,0.03284164,0,0.32,0.18,0.5
"463",3,0.5192969,0.4021004,0.02351684,0,0.37,0.22,0.41
"464",4,0.5866797,0.3823031,0.05132789,0,0.32,0.22,0.46
"465",5,0.5438281,0.5109257,0.02709735,0,0.39,0.14,0.47
"466",6,0.5753906,0.3965642,0.03851587,0,0.31,0.23,0.46
"467",7,0.5959375,0.4390743,0.03947421,0,0.28,0.26,0.46
"468",8,0.5116406,0.356718,0.02296081,0,0.36,0.22,0.42
"469",9,0.4783203,0.4681827,0.01350823,0,0.46,0.11,0.43
"470",10,0.4707812,0.3958873,0.01525931,0,0.43,0.15,0.42
"471",1,0.5888281,0.296486,0.07163417,0,0.32,0.34,0.34
"472",2,0.5988672,0.4050504,0.05591158,0,0.28,0.29,0.43
"473",3,0.6660547,0.4993103,0.06276609,0,0.26,0.21,0.53
"474",4,0.3527344,0.4521966,0.01149448,0,0.55,0.15,0.3
"475",5,0.5057812,0.3392618,0.0285923,0,0.43,0.18,0.39
"476",6,0.5457031,0.4449638,0.02132277,0,0.37,0.16,0.47
"477",7,0.6805859,0.4449877,0.06085717,0,0.25,0.21,0.54
"478",8,0.568125,0.5032687,0.01275535,0,0.38,0.09,0.53
"479",9,0.6383203,0.3960229,0.0720066,0,0.24,0.28,0.48
"480",10,0.6101953,0.5970504,0.01140177,0,0.31,0.1,0.59
"481",1,0.5275781,0.561767,0.023690156,0,0.44,0.09,0.47
"482",2,0.6164844,0.4427113,0.034003601,0,0.36,0.12,0.52
"483",3,0.4789453,0.4102977,0.012721603,0,0.46,0.11,0.43
"484",4,0.4292578,0.3573552,0.016570531,0,0.52,0.11,0.37
"485",5,0.4442969,0.2488328,0.029496263,0,0.47,0.22,0.31
"486",6,0.4857422,0.5051672,0.011818835,0,0.42,0.14,0.44
"487",7,0.6092969,0.4099117,0.055453819,0,0.26,0.3,0.44
"488",8,0.5662109,0.301859,0.05297329,0,0.34,0.3,0.36
"489",9,0.4929297,0.2571325,0.039155276,0,0.43,0.25,0.32
"490",10,0.4848828,0.5047746,0.008713401,0,0.46,0.07,0.47
"491",1,0.6634766,0.3123482,0.08159759,0,0.2,0.29,0.51
"492",2,0.7049609,0.2835353,0.11806531,0,0.2,0.32,0.48
"493",3,0.7166797,0.322228,0.09847609,0,0.18,0.26,0.56
"494",4,0.5745703,0.4467083,0.03779066,0,0.36,0.15,0.49
"495",5,0.4725,0.3751722,0.0289471,0,0.43,0.21,0.36
"496",6,0.7292578,0.489959,0.08864872,0,0.17,0.29,0.54
"497",7,0.6637891,0.1874418,0.10223689,0,0.27,0.31,0.42
"498",8,0.6002344,0.4444148,0.03885679,0,0.29,0.23,0.48
"499",9,0.7,0.5734103,0.07211252,0,0.17,0.31,0.52
"500",10,0.6386719,0.3534223,0.05882288,0,0.23,0.25,0.52
"501",1,0.5435156,0.3437648,0.03231727,0,0.33,0.25,0.42
"502",2,0.6481641,0.3047425,0.07551587,0,0.27,0.26,0.47
"503",3,0.6885156,0.3122765,0.09429081,0,0.27,0.27,0.46
"504",4,0.6597266,0.5098189,0.06218587,0,0.27,0.22,0.51
"505",5,0.5510547,0.4328447,0.02522523,0,0.38,0.15,0.47
"506",6,0.5930078,0.4413753,0.03687823,0,0.31,0.23,0.46
"507",7,0.5102344,0.3613837,0.02758878,0,0.39,0.21,0.4
"508",8,0.6509375,0.4770868,0.05784295,0,0.29,0.19,0.52
"509",9,0.4946875,0.4059094,0.02067945,0,0.37,0.21,0.42
"510",10,0.4279688,0.3921785,0.02138697,0,0.49,0.14,0.37
"511",1,0.4805859,0.4489964,0.01399252,0,0.49,0.07,0.44
"512",2,0.5730078,0.4308488,0.04191255,0,0.35,0.19,0.46
"513",3,0.5921094,0.3430009,0.05615893,0,0.26,0.27,0.47
"514",4,0.7012891,0.3257624,0.09079612,0,0.24,0.29,0.47
"515",5,0.5440234,0.4466931,0.02422102,0,0.37,0.15,0.48
"516",6,0.5223828,0.296134,0.02484264,0,0.4,0.15,0.45
"517",7,0.6049219,0.4440825,0.0427577,0,0.32,0.18,0.5
"518",8,0.4898828,0.316831,0.0257777,0,0.34,0.27,0.39
"519",9,0.5842969,0.5463558,0.02770873,0,0.31,0.17,0.52
"520",10,0.4009766,0.3921788,0.01344699,0,0.55,0.1,0.35
"521",1,0.5337891,0.4342294,0.02725124,0,0.36,0.16,0.48
"522",2,0.4975391,0.428938,0.02704913,0,0.43,0.16,0.41
"523",3,0.46375,0.4091953,0.0188976,0,0.46,0.13,0.41
"524",4,0.5708203,0.5140344,0.03003686,0,0.31,0.22,0.47
"525",5,0.4174609,0.387791,0.0163444,0,0.47,0.18,0.35
"526",6,0.5625781,0.2992269,0.05497847,0,0.32,0.26,0.42
"527",7,0.5254688,0.440483,0.02850065,0,0.33,0.19,0.48
"528",8,0.5637891,0.4137322,0.04484593,0,0.32,0.21,0.47
"529",9,0.4857422,0.3758819,0.03024282,0,0.42,0.21,0.37
"530",10,0.6154688,0.4946325,0.03989588,0,0.31,0.2,0.49
"531",1,0.5782812,0.4616761,0.0296976,0,0.3,0.2,0.5
"532",2,0.4905469,0.3788182,0.02389423,0,0.45,0.14,0.41
"533",3,0.6077344,0.5044934,0.01883827,0,0.3,0.15,0.55
"534",4,0.5572656,0.4959575,0.01232403,0,0.39,0.09,0.52
"535",5,0.4834375,0.3716774,0.01900336,0,0.45,0.15,0.4
"536",6,0.3954687,0.3542885,0.01835503,0,0.49,0.19,0.32
"537",7,0.5412109,0.3412966,0.04103166,0,0.39,0.22,0.39
"538",8,0.6476953,0.457476,0.04212328,0,0.33,0.11,0.56
"539",9,0.5670703,0.3903298,0.04749012,0,0.38,0.21,0.41
"540",10,0.4224219,0.210186,0.0294295,0,0.48,0.15,0.37
"541",1,0.4633984,0.4271047,0.02937884,0,0.41,0.21,0.38
"542",2,0.4723438,0.3919647,0.01606037,0,0.41,0.17,0.42
"543",3,0.5051562,0.4340044,0.02081489,0,0.41,0.16,0.43
"544",4,0.5249609,0.4387613,0.01870262,0,0.44,0.11,0.45
"545",5,0.6135938,0.4052235,0.03828165,0,0.27,0.23,0.5
"546",6,0.5969141,0.3437494,0.06445593,0,0.31,0.27,0.42
"547",7,0.6252344,0.4438614,0.04440446,0,0.27,0.23,0.5
"548",8,0.4703125,0.3713966,0.02879462,0,0.44,0.19,0.37
"549",9,0.5549609,0.4727947,0.03195244,0,0.38,0.18,0.44
"550",10,0.5329297,0.2881046,0.04011116,0,0.38,0.17,0.45
"551",1,0.5092578,0.4106554,0.02594764,0,0.41,0.16,0.43
"552",2,0.5263281,0.3804002,0.03079037,0,0.38,0.21,0.41
"553",3,0.3996875,0.4583433,0.01143067,0,0.51,0.13,0.36
"554",4,0.5826172,0.4611497,0.03144629,0,0.29,0.19,0.52
"555",5,0.6178516,0.4823236,0.04077347,0,0.3,0.17,0.53
"556",6,0.6292578,0.4453206,0.04932161,0,0.23,0.27,0.5
"557",7,0.6105859,0.2190441,0.07396716,0,0.29,0.3,0.41
"558",8,0.4972656,0.4151008,0.01925086,0,0.38,0.16,0.46
"559",9,0.5655078,0.3924532,0.04314906,0,0.36,0.2,0.44
"560",10,0.5151172,0.2739381,0.04311415,0,0.36,0.25,0.39
"561",1,0.5654687,0.4079408,0.02780435,0,0.38,0.13,0.49
"562",2,0.4710547,0.3139919,0.02506543,0,0.38,0.21,0.41
"563",3,0.3924219,0.3517749,0.01501192,0,0.53,0.13,0.34
"564",4,0.4878906,0.3709806,0.02442017,0,0.45,0.12,0.43
"565",5,0.6600781,0.3510694,0.07305532,0,0.24,0.28,0.48
"566",6,0.5020313,0.4490519,0.02166737,0,0.39,0.18,0.43
"567",7,0.6185938,0.478061,0.04814426,0,0.26,0.22,0.52
"568",8,0.6183594,0.3448091,0.04731195,0,0.3,0.2,0.5
"569",9,0.5017578,0.4268002,0.01981068,0,0.46,0.1,0.44
"570",10,0.5228125,0.4033756,0.02631926,0,0.33,0.24,0.43
"571",1,0.4890234,0.409793,0.03013684,0,0.38,0.23,0.39
"572",2,0.6389844,0.3873094,0.06715245,0,0.28,0.28,0.44
"573",3,0.4554687,0.2515886,0.02908968,0,0.45,0.19,0.36
"574",4,0.4317969,0.3181779,0.02903952,0,0.43,0.24,0.33
"575",5,0.5792188,0.340768,0.04287907,0,0.27,0.24,0.49
"576",6,0.5529688,0.3821001,0.01794101,0,0.4,0.11,0.49
"577",7,0.4795313,0.3935922,0.02802475,0,0.37,0.22,0.41
"578",8,0.6245312,0.3509019,0.05690851,0,0.34,0.22,0.44
"579",9,0.4994141,0.4531563,0.02227688,0,0.45,0.11,0.44
"580",10,0.4749609,0.2723991,0.0474008,0,0.45,0.22,0.33
"581",1,0.5006641,0.4183212,0.021371831,0,0.39,0.18,0.43
"582",2,0.5964063,0.3217817,0.055008197,0,0.25,0.26,0.49
"583",3,0.4105859,0.3082283,0.024414702,0,0.49,0.19,0.32
"584",4,0.5312891,0.364212,0.019002587,0,0.41,0.14,0.45
"585",5,0.4599219,0.4089299,0.003032179,0,0.49,0.06,0.45
"586",6,0.6116016,0.4622384,0.038996837,0,0.25,0.26,0.49
"587",7,0.6267187,0.376805,0.058660951,0,0.25,0.21,0.54
"588",8,0.6125,0.4140846,0.063158941,0,0.29,0.3,0.41
"589",9,0.6057813,0.5044874,0.02786978,0,0.35,0.14,0.51
"590",10,0.6644141,0.5836485,0.045397518,0,0.27,0.16,0.57
"591",1,0.6078516,0.5287638,0.04461338,0,0.29,0.26,0.45
"592",2,0.6399219,0.5115475,0.05212342,0,0.3,0.19,0.51
"593",3,0.5426172,0.4363864,0.02281907,0,0.35,0.17,0.48
"594",4,0.4613281,0.3504448,0.01056345,0,0.5,0.09,0.41
"595",5,0.5553516,0.5437844,0.02491482,0,0.36,0.15,0.49
"596",6,0.6273047,0.2786577,0.06356895,0,0.25,0.27,0.48
"597",7,0.5875,0.5044882,0.03033423,0,0.38,0.12,0.5
"598",8,0.6377734,0.3791994,0.06480703,0,0.31,0.25,0.44
"599",9,0.5355859,0.258021,0.05146158,0,0.32,0.25,0.43
"600",10,0.5791016,0.3930135,0.03557089,0,0.31,0.22,0.47
"601",1,0.5273438,0.2802049,0.04624638,0,0.4,0.2,0.4
"602",2,0.6482031,0.286585,0.07276351,0,0.3,0.24,0.46
"603",3,0.4514453,0.3694712,0.01226781,0,0.45,0.13,0.42
"604",4,0.42375,0.2839605,0.01351287,0,0.51,0.1,0.39
"605",5,0.5913672,0.3994513,0.046732,0,0.29,0.28,0.43
"606",6,0.5448047,0.465436,0.02674093,0,0.31,0.24,0.45
"607",7,0.5022656,0.4322525,0.02994705,0,0.46,0.11,0.43
"608",8,0.6042969,0.3464846,0.04122642,0,0.31,0.22,0.47
"609",9,0.4440625,0.2828143,0.02283408,0,0.47,0.18,0.35
"610",10,0.6189844,0.5695037,0.03307492,0,0.26,0.24,0.5
"611",1,0.5385937,0.2972505,0.04214752,0,0.32,0.27,0.41
"612",2,0.5160156,0.4244635,0.02068795,0,0.44,0.13,0.43
"613",3,0.5499219,0.4441612,0.02693247,0,0.38,0.15,0.47
"614",4,0.6391016,0.5421932,0.04932468,0,0.3,0.18,0.52
"615",5,0.4675781,0.4449284,0.01457464,0,0.48,0.1,0.42
"616",6,0.4953516,0.4314423,0.02235429,0,0.44,0.15,0.41
"617",7,0.5152344,0.452705,0.02130373,0,0.38,0.18,0.44
"618",8,0.5183594,0.4293233,0.01841571,0,0.4,0.15,0.45
"619",9,0.5209375,0.5236924,0.0252803,0,0.37,0.16,0.47
"620",10,0.4572266,0.3324245,0.02031441,0,0.43,0.18,0.39
"621",1,0.4843359,0.3462596,0.02884102,0,0.39,0.19,0.42
"622",2,0.6305469,0.4703606,0.05578875,0,0.27,0.24,0.49
"623",3,0.4441406,0.3467222,0.02489987,0,0.49,0.17,0.34
"624",4,0.5415234,0.3474463,0.03332902,0,0.38,0.22,0.4
"625",5,0.5429688,0.3580203,0.04198703,0,0.35,0.23,0.42
"626",6,0.4355469,0.3227979,0.02076018,0,0.47,0.17,0.36
"627",7,0.5900781,0.4176402,0.03834033,0,0.29,0.27,0.44
"628",8,0.5626953,0.3969109,0.02908035,0,0.37,0.15,0.48
"629",9,0.4360938,0.3913305,0.01919157,0,0.51,0.13,0.36
"630",10,0.5036719,0.2702676,0.03556477,0,0.41,0.19,0.4
"631",1,0.5405078,0.4741967,0.03173067,0,0.37,0.2,0.43
"632",2,0.6203516,0.5414876,0.03710232,0,0.36,0.14,0.5
"633",3,0.6164063,0.3603584,0.04504812,0,0.36,0.17,0.47
"634",4,0.5785547,0.4605449,0.04083676,0,0.33,0.19,0.48
"635",5,0.5349219,0.3719916,0.03833657,0,0.33,0.27,0.4
"636",6,0.6041797,0.4227014,0.03264084,0,0.31,0.17,0.52
"637",7,0.4460938,0.3194686,0.01248146,0,0.45,0.15,0.4
"638",8,0.5226953,0.3139743,0.0509529,0,0.36,0.25,0.39
"639",9,0.5640625,0.4884959,0.02187815,0,0.32,0.19,0.49
"640",10,0.5394141,0.4543911,0.01766374,0,0.39,0.12,0.49
"641",1,0.5457812,0.4306182,0.04191844,0,0.34,0.23,0.43
"642",2,0.5769531,0.6570896,0.01073106,0,0.33,0.13,0.54
"643",3,0.625,0.4176833,0.04982189,0,0.27,0.25,0.48
"644",4,0.4844141,0.2625303,0.02349062,0,0.41,0.19,0.4
"645",5,0.6074219,0.2847538,0.07243955,0,0.37,0.28,0.35
"646",6,0.4610156,0.3585499,0.02124928,0,0.39,0.22,0.39
"647",7,0.5066016,0.3376613,0.02208205,0,0.39,0.19,0.42
"648",8,0.6441016,0.3920305,0.05743478,0,0.29,0.23,0.48
"649",9,0.4564844,0.3544454,0.02807445,0,0.47,0.19,0.34
"650",10,0.4595703,0.4399281,0.01528018,0,0.42,0.18,0.4
"651",1,0.4039453,0.4062204,0.011547616,0,0.53,0.11,0.36
"652",2,0.6259766,0.3881355,0.062679877,0,0.27,0.25,0.48
"653",3,0.5961719,0.4902928,0.042081501,0,0.35,0.17,0.48
"654",4,0.4310156,0.3805675,0.007007267,0,0.51,0.1,0.39
"655",5,0.5258203,0.37886,0.021524227,0,0.39,0.14,0.47
"656",6,0.5878906,0.4323678,0.039520998,0,0.35,0.17,0.48
"657",7,0.6626953,0.4961478,0.052011192,0,0.24,0.21,0.55
"658",8,0.4864453,0.3754568,0.016711646,0,0.5,0.09,0.41
"659",9,0.5920703,0.372123,0.051959567,0,0.34,0.21,0.45
"660",10,0.6189844,0.3735261,0.045704253,0,0.28,0.23,0.49
"661",1,0.5540625,0.3172038,0.042746706,0,0.3,0.25,0.45
"662",2,0.5114453,0.4160876,0.019052646,0,0.39,0.17,0.44
"663",3,0.5206641,0.4585621,0.009080174,0,0.4,0.14,0.46
"664",4,0.4474219,0.4405839,0.013439537,0,0.45,0.15,0.4
"665",5,0.5301953,0.3791967,0.017757319,0,0.43,0.12,0.45
"666",6,0.556875,0.4569562,0.020397953,0,0.37,0.17,0.46
"667",7,0.6227344,0.4492477,0.043718554,0,0.3,0.19,0.51
"668",8,0.5056641,0.4205028,0.032043987,0,0.42,0.17,0.41
"669",9,0.4994922,0.3599348,0.031254002,0,0.46,0.12,0.42
"670",10,0.5305859,0.4811626,0.0158549,0,0.35,0.16,0.49
"671",1,0.5992969,0.4670699,0.03989584,0,0.31,0.2,0.49
"672",2,0.5152344,0.3540151,0.0394288,0,0.35,0.29,0.36
"673",3,0.6788281,0.4057831,0.07930431,0,0.22,0.29,0.49
"674",4,0.5678125,0.4450535,0.03057919,0,0.34,0.2,0.46
"675",5,0.4033203,0.3554207,0.01361601,0,0.45,0.2,0.35
"676",6,0.6220703,0.523904,0.03071924,0,0.27,0.19,0.54
"677",7,0.6227344,0.5439959,0.02820443,0,0.27,0.2,0.53
"678",8,0.6197266,0.4912056,0.04839418,0,0.26,0.2,0.54
"679",9,0.6065234,0.4202768,0.04572624,0,0.28,0.24,0.48
"680",10,0.4992578,0.3745518,0.0223721,0,0.38,0.19,0.43
"681",1,0.51625,0.3539366,0.033647673,0,0.39,0.21,0.4
"682",2,0.5361719,0.3941531,0.045069723,0,0.34,0.25,0.41
"683",3,0.5625391,0.4439347,0.030448108,0,0.37,0.19,0.44
"684",4,0.5583984,0.3878548,0.031677407,0,0.3,0.22,0.48
"685",5,0.4300781,0.276634,0.01406124,0,0.47,0.16,0.37
"686",6,0.5987891,0.3427,0.052007841,0,0.35,0.2,0.45
"687",7,0.5401172,0.3774913,0.037148281,0,0.41,0.17,0.42
"688",8,0.5596094,0.2494958,0.049455596,0,0.32,0.25,0.43
"689",9,0.3955078,0.4041425,0.006873325,0,0.5,0.14,0.36
"690",10,0.5422266,0.3645711,0.032576069,0,0.35,0.21,0.44
"691",1,0.6407031,0.4395719,0.04867896,0,0.25,0.21,0.54
"692",2,0.5503906,0.2871276,0.04918376,0,0.31,0.28,0.41
"693",3,0.6940234,0.3777261,0.07941467,0,0.26,0.24,0.5
"694",4,0.5624219,0.2761393,0.06763935,0,0.38,0.27,0.35
"695",5,0.5257422,0.3635402,0.04161606,0,0.39,0.23,0.38
"696",6,0.5755469,0.3520469,0.04606871,0,0.28,0.29,0.43
"697",7,0.6682813,0.3508507,0.07520608,0,0.23,0.26,0.51
"698",8,0.5982422,0.3675576,0.05357128,0,0.3,0.26,0.44
"699",9,0.4828125,0.4340764,0.01759265,0,0.37,0.18,0.45
"700",10,0.4730859,0.2656006,0.0417852,0,0.38,0.27,0.35
"701",1,0.4695703,0.4307332,0.01366851,0,0.49,0.09,0.42
"702",2,0.5398047,0.4917986,0.03142762,0,0.41,0.11,0.48
"703",3,0.6096094,0.3264918,0.05320442,0,0.28,0.29,0.43
"704",4,0.470625,0.3368289,0.03042761,0,0.43,0.21,0.36
"705",5,0.5705469,0.2504386,0.05189395,0,0.29,0.27,0.44
"706",6,0.5565234,0.5165157,0.01818683,0,0.41,0.09,0.5
"707",7,0.5453516,0.2531912,0.05228529,0,0.41,0.25,0.34
"708",8,0.6124609,0.4100918,0.05435932,0,0.29,0.28,0.43
"709",9,0.4457813,0.3200549,0.02388126,0,0.48,0.16,0.36
"710",10,0.5292969,0.4401315,0.03474439,0,0.36,0.24,0.4
"711",1,0.4941797,0.3191985,0.02768063,0,0.36,0.27,0.37
"712",2,0.6067969,0.4914155,0.03022335,0,0.33,0.14,0.53
"713",3,0.6524219,0.3571879,0.04766262,0,0.21,0.24,0.55
"714",4,0.5401953,0.4459458,0.03006762,0,0.45,0.12,0.43
"715",5,0.5848828,0.1876708,0.07141976,0,0.32,0.29,0.39
"716",6,0.5209766,0.4003239,0.02471394,0,0.46,0.09,0.45
"717",7,0.5800391,0.3703111,0.03291363,0,0.34,0.21,0.45
"718",8,0.3991406,0.3006776,0.01265463,0,0.51,0.14,0.35
"719",9,0.4354688,0.3801787,0.01880215,0,0.49,0.15,0.36
"720",10,0.603125,0.3747429,0.0574055,0,0.29,0.26,0.45
"721",1,0.5614062,0.3775375,0.04045374,0,0.39,0.22,0.39
"722",2,0.5922266,0.4764218,0.03647346,0,0.33,0.2,0.47
"723",3,0.4405078,0.3499134,0.02703296,0,0.43,0.24,0.33
"724",4,0.5526953,0.3998992,0.04599424,0,0.28,0.29,0.43
"725",5,0.5177734,0.4846843,0.01974573,0,0.4,0.13,0.47
"726",6,0.3864063,0.2267383,0.01576032,0,0.53,0.13,0.34
"727",7,0.5082813,0.3184405,0.04473596,0,0.39,0.27,0.34
"728",8,0.6415234,0.4003789,0.05191793,0,0.3,0.19,0.51
"729",9,0.5685547,0.3726643,0.04111311,0,0.34,0.21,0.45
"730",10,0.4552734,0.3986925,0.01360566,0,0.47,0.11,0.42
"731",1,0.5471484,0.4225336,0.03538919,0,0.4,0.15,0.45
"732",2,0.6376172,0.4318034,0.04617273,0,0.24,0.25,0.51
"733",3,0.4223438,0.3329238,0.01554715,0,0.48,0.14,0.38
"734",4,0.6378906,0.3998661,0.04587783,0,0.3,0.21,0.49
"735",5,0.5635547,0.2876477,0.0531155,0,0.33,0.28,0.39
"736",6,0.6251172,0.4588139,0.03114565,0,0.29,0.18,0.53
"737",7,0.4846094,0.2232875,0.04096492,0,0.45,0.23,0.32
"738",8,0.4970312,0.3867417,0.03402467,0,0.44,0.21,0.35
"739",9,0.4469531,0.2313744,0.02845894,0,0.46,0.21,0.33
"740",10,0.51875,0.2874688,0.02941869,0,0.39,0.2,0.41
"741",1,0.4171875,0.4112478,0.01302338,0,0.51,0.13,0.36
"742",2,0.3852344,0.3759255,0.01257912,0,0.53,0.14,0.33
"743",3,0.5730859,0.4818001,0.02644878,0,0.39,0.13,0.48
"744",4,0.6265625,0.3770072,0.05805045,0,0.28,0.23,0.49
"745",5,0.6539453,0.3961053,0.06049216,0,0.25,0.25,0.5
"746",6,0.5205859,0.3381291,0.03990428,0,0.38,0.19,0.43
"747",7,0.5549609,0.4868307,0.02973074,0,0.39,0.16,0.45
"748",8,0.4099609,0.3787453,0.01528243,0,0.54,0.13,0.33
"749",9,0.4876953,0.4204506,0.01072257,0,0.43,0.14,0.43
"750",10,0.4769531,0.3540391,0.03340618,0,0.47,0.15,0.38
"751",1,0.5663672,0.3580181,0.02410693,0,0.36,0.12,0.52
"752",2,0.5658203,0.4521053,0.03911258,0,0.37,0.16,0.47
"753",3,0.4457813,0.2957347,0.01729733,0,0.46,0.15,0.39
"754",4,0.4851563,0.4155862,0.03056541,0,0.43,0.2,0.37
"755",5,0.5451563,0.2597312,0.06557038,0,0.34,0.27,0.39
"756",6,0.4667578,0.3342351,0.02864547,0,0.45,0.19,0.36
"757",7,0.5989844,0.4374441,0.04141925,0,0.31,0.17,0.52
"758",8,0.4487109,0.2833769,0.01937026,0,0.47,0.17,0.36
"759",9,0.5230469,0.2424717,0.05494161,0,0.38,0.28,0.34
"760",10,0.5071094,0.4391412,0.02474123,0,0.37,0.21,0.42
"761",1,0.4391797,0.2310633,0.04242494,0,0.47,0.23,0.3
"762",2,0.6655078,0.5424532,0.05443322,0,0.26,0.23,0.51
"763",3,0.5451953,0.3128192,0.05525602,0,0.32,0.32,0.36
"764",4,0.5109766,0.3649195,0.02429935,0,0.39,0.18,0.43
"765",5,0.4340625,0.3344192,0.02966171,0,0.43,0.25,0.32
"766",6,0.5293359,0.2863422,0.05214318,0,0.33,0.28,0.39
"767",7,0.6493359,0.5192805,0.04198981,0,0.28,0.16,0.56
"768",8,0.4545703,0.3759056,0.02153667,0,0.41,0.22,0.37
"769",9,0.5808984,0.492376,0.02635965,0,0.36,0.15,0.49
"770",10,0.5746875,0.4905893,0.04528229,0,0.33,0.21,0.46
"771",1,0.5108594,0.2296372,0.04641787,0,0.37,0.27,0.36
"772",2,0.5742578,0.4010068,0.04502064,0,0.36,0.19,0.45
"773",3,0.5870703,0.5240181,0.02070707,0,0.34,0.12,0.54
"774",4,0.5087109,0.4448702,0.01524946,0,0.47,0.08,0.45
"775",5,0.4739844,0.3408126,0.0356863,0,0.46,0.17,0.37
"776",6,0.5203516,0.4954979,0.02188155,0,0.34,0.21,0.45
"777",7,0.6369922,0.3019349,0.04327708,0,0.29,0.18,0.53
"778",8,0.4742578,0.3017564,0.05113352,0,0.39,0.27,0.34
"779",9,0.5805859,0.4172627,0.03920399,0,0.28,0.27,0.45
"780",10,0.5332031,0.4618975,0.02375406,0,0.3,0.24,0.46
"781",1,0.5534375,0.261665,0.052935621,0,0.32,0.27,0.41
"782",2,0.5545313,0.4905645,0.041033354,0,0.31,0.26,0.43
"783",3,0.5876562,0.4241153,0.034225667,0,0.26,0.25,0.49
"784",4,0.6416406,0.5420317,0.055204983,0,0.27,0.23,0.5
"785",5,0.4150391,0.344577,0.003823189,0,0.51,0.09,0.4
"786",6,0.6381641,0.3803338,0.059287678,0,0.27,0.27,0.46
"787",7,0.4824609,0.3560792,0.017170273,0,0.42,0.18,0.4
"788",8,0.5737109,0.382246,0.035798119,0,0.29,0.24,0.47
"789",9,0.5669531,0.4904571,0.030093417,0,0.32,0.19,0.49
"790",10,0.531875,0.4780362,0.021316185,0,0.38,0.17,0.45
"791",1,0.5623828,0.4088725,0.03168368,0,0.37,0.15,0.48
"792",2,0.4949219,0.3659942,0.0202199,0,0.45,0.13,0.42
"793",3,0.5863672,0.2357413,0.06869232,0,0.37,0.23,0.4
"794",4,0.5795313,0.3870575,0.04459791,0,0.33,0.24,0.43
"795",5,0.4852344,0.4596428,0.0217494,0,0.42,0.15,0.43
"796",6,0.5690625,0.4680953,0.02529404,0,0.41,0.12,0.47
"797",7,0.4562891,0.3944085,0.02951075,0,0.46,0.18,0.36
"798",8,0.5616406,0.533577,0.03221534,0,0.37,0.18,0.45
"799",9,0.4917578,0.3309446,0.02824981,0,0.44,0.17,0.39
"800",10,0.5267969,0.351069,0.04759869,0,0.36,0.24,0.4
"801",1,0.6071484,0.4496591,0.0438015,0,0.3,0.21,0.49
"802",2,0.5107031,0.3644741,0.0426113,0,0.41,0.21,0.38
"803",3,0.5570703,0.1952752,0.06645621,0,0.36,0.31,0.33
"804",4,0.4896875,0.274596,0.04099338,0,0.36,0.31,0.33
"805",5,0.4723438,0.2267691,0.04228419,0,0.43,0.27,0.3
"806",6,0.5881641,0.3071072,0.05954539,0,0.26,0.27,0.47
"807",7,0.6108594,0.4139044,0.05350164,0,0.29,0.27,0.44
"808",8,0.5573828,0.4658284,0.02047724,0,0.37,0.13,0.5
"809",9,0.5357422,0.1944661,0.061447,0,0.36,0.31,0.33
"810",10,0.4971094,0.43506,0.02593414,0,0.35,0.26,0.39
"811",1,0.5735547,0.5122232,0.02348849,0,0.4,0.09,0.51
"812",2,0.6051562,0.4669969,0.02150205,0,0.31,0.12,0.57
"813",3,0.4937891,0.3710291,0.03156013,0,0.36,0.26,0.38
"814",4,0.4314844,0.2238445,0.03670021,0,0.46,0.25,0.29
"815",5,0.5299609,0.2660141,0.05054077,0,0.35,0.29,0.36
"816",6,0.6734375,0.4603053,0.04546494,0,0.27,0.17,0.56
"817",7,0.6815234,0.4300286,0.06585811,0,0.26,0.19,0.55
"818",8,0.528125,0.4388306,0.02238184,0,0.35,0.19,0.46
"819",9,0.5927344,0.2626213,0.06470327,0,0.25,0.31,0.44
"820",10,0.5302344,0.4048293,0.03557098,0,0.38,0.21,0.41
"821",1,0.5061719,0.4861323,0.02314799,0,0.4,0.16,0.44
"822",2,0.548125,0.4773857,0.02558443,0,0.36,0.14,0.5
"823",3,0.603125,0.5233722,0.02315266,0,0.32,0.16,0.52
"824",4,0.5889844,0.4397768,0.02634336,0,0.28,0.2,0.52
"825",5,0.4804688,0.4151735,0.02716221,0,0.45,0.19,0.36
"826",6,0.5422656,0.3400908,0.0285323,0,0.31,0.27,0.42
"827",7,0.5367188,0.4004904,0.04030034,0,0.37,0.21,0.42
"828",8,0.5964063,0.4225377,0.04970285,0,0.31,0.2,0.49
"829",9,0.4369531,0.4011101,0.01351289,0,0.49,0.12,0.39
"830",10,0.5555078,0.3576732,0.03712266,0,0.3,0.27,0.43
"831",1,0.6350391,0.5447139,0.04972806,0,0.23,0.25,0.52
"832",2,0.5427734,0.4097859,0.01655147,0,0.4,0.11,0.49
"833",3,0.6410156,0.4959567,0.04582444,0,0.29,0.2,0.51
"834",4,0.5982422,0.4727562,0.03995634,0,0.39,0.12,0.49
"835",5,0.3749219,0.2948522,0.01708553,0,0.55,0.16,0.29
"836",6,0.4865625,0.3431944,0.02044282,0,0.4,0.21,0.39
"837",7,0.47,0.3613808,0.01643955,0,0.5,0.09,0.41
"838",8,0.5509766,0.4560391,0.03607839,0,0.42,0.17,0.41
"839",9,0.5210547,0.3040591,0.04147681,0,0.37,0.22,0.41
"840",10,0.5969531,0.4115769,0.04613705,0,0.37,0.21,0.42
"841",1,0.4392969,0.4190085,0.01668265,0,0.48,0.16,0.36
"842",2,0.5941016,0.3332686,0.06580495,0,0.28,0.24,0.48
"843",3,0.5103516,0.4830535,0.01205661,0,0.39,0.15,0.46
"844",4,0.5582812,0.4526604,0.02456999,0,0.34,0.17,0.49
"845",5,0.545625,0.3781219,0.03354865,0,0.37,0.22,0.41
"846",6,0.4999219,0.3421947,0.03897794,0,0.44,0.18,0.38
"847",7,0.6085938,0.3546461,0.05820253,0,0.25,0.27,0.48
"848",8,0.6391016,0.4969131,0.05198578,0,0.29,0.21,0.5
"849",9,0.4501562,0.2447753,0.03926378,0,0.43,0.21,0.36
"850",10,0.5665625,0.2654629,0.07249809,0,0.35,0.28,0.37
"851",1,0.7340234,0.06318435,0.14748,0,0.13,0.46,0.41
"852",2,0.6160156,0.36067838,0.06041437,0,0.23,0.34,0.43
"853",3,0.5521484,0.26944463,0.04693383,0,0.39,0.21,0.4
"854",4,0.7830078,0.09458317,0.17034944,0,0.06,0.5,0.44
"855",5,0.6822656,0.21058424,0.10191719,0,0.15,0.44,0.41
"856",6,0.726875,0.04855755,0.14286256,0,0.11,0.48,0.41
"857",7,0.4904297,0.37507747,0.02619264,0,0.42,0.17,0.41
"858",8,0.6645313,0.17183108,0.11227343,0,0.19,0.41,0.4
"859",9,0.7414453,0.05664152,0.15160882,0,0.04,0.54,0.42
"860",10,0.7134766,0.2032666,0.12531838,0,0.13,0.42,0.45
"861",1,0.6535937,0.4872149,0.06081502,0,0.28,0.19,0.53
"862",2,0.6135938,0.5256485,0.03680302,0,0.28,0.2,0.52
"863",3,0.7074609,0.6735221,0.05185517,0,0.26,0.15,0.59
"864",4,0.6071094,0.2509758,0.07628787,0,0.24,0.32,0.44
"865",5,0.6493359,0.3254239,0.0834813,0,0.27,0.28,0.45
"866",6,0.5723047,0.4869116,0.02650744,0,0.34,0.17,0.49
"867",7,0.6303125,0.4110206,0.04577707,0,0.27,0.25,0.48
"868",8,0.5447656,0.2425244,0.04474956,0,0.32,0.25,0.43
"869",9,0.6202344,0.6129337,0.01696448,0,0.29,0.13,0.58
"870",10,0.6091016,0.4251727,0.03912783,0,0.31,0.17,0.52
"871",1,0.4379297,0.3381857,0.01861932,0,0.46,0.2,0.34
"872",2,0.5841797,0.4141413,0.04369032,0,0.33,0.22,0.45
"873",3,0.4590625,0.3862399,0.02318265,0,0.52,0.1,0.38
"874",4,0.5006641,0.3880036,0.02311197,0,0.39,0.18,0.43
"875",5,0.6087891,0.4719564,0.06109233,0,0.27,0.28,0.45
"876",6,0.6444141,0.5591241,0.04986947,0,0.29,0.18,0.53
"877",7,0.6232031,0.3964537,0.06786253,0,0.27,0.3,0.43
"878",8,0.4492188,0.2639885,0.03075668,0,0.42,0.28,0.3
"879",9,0.5140234,0.4791295,0.02575025,0,0.41,0.18,0.41
"880",10,0.3929687,0.2826243,0.01976299,0,0.48,0.2,0.32
"881",1,0.5390625,0.2879625,0.03594319,0,0.35,0.21,0.44
"882",2,0.6595703,0.3012803,0.07372143,0,0.21,0.28,0.51
"883",3,0.5179297,0.3601731,0.03622999,0,0.39,0.21,0.4
"884",4,0.648125,0.5447771,0.03834461,0,0.29,0.17,0.54
"885",5,0.5582031,0.3373107,0.04546021,0,0.33,0.24,0.43
"886",6,0.5807031,0.6079053,0.01847766,0,0.32,0.15,0.53
"887",7,0.4796875,0.3037526,0.02564665,0,0.43,0.19,0.38
"888",8,0.6419531,0.2674714,0.08407973,0,0.23,0.3,0.47
"889",9,0.5893359,0.5116464,0.01752529,0,0.36,0.13,0.51
"890",10,0.5257422,0.3684617,0.02632163,0,0.35,0.22,0.43
"891",1,0.5069531,0.3547764,0.029039701,0,0.38,0.25,0.37
"892",2,0.4882812,0.3200627,0.032115724,0,0.38,0.26,0.36
"893",3,0.4483594,0.3330646,0.030209273,0,0.5,0.17,0.33
"894",4,0.6056641,0.4643112,0.028582771,0,0.32,0.15,0.53
"895",5,0.6163281,0.3578744,0.067202493,0,0.29,0.26,0.45
"896",6,0.50375,0.3817661,0.01758311,0,0.43,0.14,0.43
"897",7,0.5950391,0.3835426,0.037716854,0,0.3,0.21,0.49
"898",8,0.5481641,0.4446298,0.008651783,0,0.41,0.08,0.51
"899",9,0.4680859,0.3408969,0.032446529,0,0.4,0.26,0.34
"900",10,0.506875,0.4560411,0.03235196,0,0.41,0.18,0.41
"901",1,0.4626953,0.2000632,0.02968575,0,0.47,0.19,0.34
"902",2,0.4741406,0.2467751,0.0371252,0,0.43,0.21,0.36
"903",3,0.5364844,0.3135134,0.04958132,0,0.38,0.25,0.37
"904",4,0.5567969,0.327858,0.03832964,0,0.31,0.24,0.45
"905",5,0.5115625,0.2894294,0.03654109,0,0.39,0.23,0.38
"906",6,0.6385547,0.3537094,0.06075803,0,0.26,0.24,0.5
"907",7,0.4578906,0.3195925,0.02469439,0,0.47,0.18,0.35
"908",8,0.4359375,0.3600908,0.01519317,0,0.48,0.16,0.36
"909",9,0.6654297,0.4951599,0.06806253,0,0.28,0.21,0.51
"910",10,0.5009766,0.3730325,0.01783809,0,0.44,0.12,0.44
"911",1,0.5657031,0.4082301,0.04584639,0,0.34,0.23,0.43
"912",2,0.5506641,0.2834518,0.05550956,0,0.35,0.27,0.38
"913",3,0.5058984,0.4006202,0.01936735,0,0.39,0.14,0.47
"914",4,0.635625,0.4328468,0.03132869,0,0.26,0.19,0.55
"915",5,0.6054688,0.3797368,0.04860444,0,0.28,0.26,0.46
"916",6,0.5264844,0.3680087,0.02641077,0,0.45,0.11,0.44
"917",7,0.5708203,0.3846658,0.05423747,0,0.29,0.31,0.4
"918",8,0.5182031,0.345551,0.04061279,0,0.39,0.23,0.38
"919",9,0.6045703,0.2822907,0.06085687,0,0.28,0.31,0.41
"920",10,0.6230469,0.4343196,0.03931815,0,0.25,0.22,0.53
"921",1,0.5734375,0.4244872,0.03336461,0,0.39,0.16,0.45
"922",2,0.7342969,0.12581219,0.14018266,0,0.07,0.52,0.41
"923",3,0.7459766,0.25727556,0.13278794,0,0.08,0.5,0.42
"924",4,0.6194141,0.41049894,0.06931256,0,0.3,0.27,0.43
"925",5,0.5720703,0.43743687,0.04562115,0,0.27,0.3,0.43
"926",6,0.6303125,0.39868316,0.0562742,0,0.23,0.33,0.44
"927",7,0.7147266,0.19442505,0.1220808,0,0.1,0.49,0.41
"928",8,0.5876953,0.3184181,0.05728656,0,0.31,0.26,0.43
"929",9,0.76375,0.01036987,0.16937036,0,0.06,0.49,0.45
"930",10,0.5830469,0.37290901,0.05681165,0,0.28,0.28,0.44
"931",1,0.6739453,0.3997818,0.06768091,0,0.27,0.25,0.48
"932",2,0.6240625,0.3082156,0.06297392,0,0.27,0.25,0.48
"933",3,0.6028516,0.4079797,0.04279554,0,0.28,0.2,0.52
"934",4,0.5814063,0.5717976,0.02198547,0,0.36,0.12,0.52
"935",5,0.5848828,0.5274656,0.03036133,0,0.34,0.2,0.46
"936",6,0.6582031,0.4521549,0.07013143,0,0.27,0.25,0.48
"937",7,0.4681641,0.395124,0.01633233,0,0.47,0.13,0.4
"938",8,0.4075,0.274555,0.01260503,0,0.48,0.19,0.33
"939",9,0.4974219,0.3822483,0.02612211,0,0.38,0.23,0.39
"940",10,0.5096875,0.3417707,0.02583645,0,0.35,0.18,0.47
"941",1,0.5136328,0.3686029,0.033541794,0,0.39,0.18,0.43
"942",2,0.4504687,0.2743315,0.024891319,0,0.45,0.18,0.37
"943",3,0.6466016,0.4510411,0.054111743,0,0.33,0.15,0.52
"944",4,0.4594531,0.4356555,0.002648348,0,0.47,0.08,0.45
"945",5,0.6514844,0.381642,0.062987159,0,0.26,0.24,0.5
"946",6,0.4753125,0.2557413,0.037025215,0,0.43,0.21,0.36
"947",7,0.5069141,0.573285,0.017228393,0,0.46,0.08,0.46
"948",8,0.4196094,0.205186,0.031994325,0,0.41,0.26,0.33
"949",9,0.5140625,0.4417249,0.019728463,0,0.45,0.11,0.44
"950",10,0.5674609,0.4904485,0.023922095,0,0.38,0.13,0.49
"951",1,0.5425781,0.4481069,0.02454552,0,0.32,0.21,0.47
"952",2,0.5239453,0.2917116,0.03603003,0,0.38,0.22,0.4
"953",3,0.503125,0.2320544,0.04326441,0,0.34,0.28,0.38
"954",4,0.4855859,0.2203172,0.03941455,0,0.37,0.28,0.35
"955",5,0.5354297,0.4278672,0.03176391,0,0.34,0.21,0.45
"956",6,0.5073437,0.332295,0.02892733,0,0.45,0.16,0.39
"957",7,0.6060547,0.3139766,0.06017255,0,0.3,0.24,0.46
"958",8,0.5368359,0.3559604,0.02498609,0,0.36,0.21,0.43
"959",9,0.5758984,0.1305894,0.07139069,0,0.32,0.28,0.4
"960",10,0.6258203,0.2840517,0.06981784,0,0.33,0.2,0.47
"961",1,0.5444922,0.3642152,0.028992894,0,0.37,0.19,0.44
"962",2,0.5285156,0.3814466,0.023001859,0,0.37,0.16,0.47
"963",3,0.5805859,0.5489878,0.014020342,0,0.37,0.1,0.53
"964",4,0.4010156,0.2593038,0.022374582,0,0.49,0.19,0.32
"965",5,0.5888672,0.4467375,0.033309729,0,0.32,0.21,0.47
"966",6,0.5400391,0.4257651,0.030624784,0,0.32,0.24,0.44
"967",7,0.6278125,0.5597649,0.013790355,0,0.34,0.09,0.57
"968",8,0.5129687,0.4683544,0.020520061,0,0.43,0.13,0.44
"969",9,0.4041406,0.3373218,0.006324383,0,0.52,0.1,0.38
"970",10,0.5065234,0.3045973,0.054783284,0,0.39,0.26,0.35
"971",1,0.5453516,0.426764,0.03841778,0,0.34,0.21,0.45
"972",2,0.558125,0.457135,0.05014735,0,0.38,0.23,0.39
"973",3,0.5540625,0.4245181,0.02383831,0,0.39,0.13,0.48
"974",4,0.5951172,0.4224865,0.05480325,0,0.25,0.27,0.48
"975",5,0.5773828,0.5172712,0.024365,0,0.36,0.14,0.5
"976",6,0.4375781,0.415557,0.01367771,0,0.5,0.1,0.4
"977",7,0.4851172,0.3922435,0.02660085,0,0.46,0.15,0.39
"978",8,0.5058984,0.3629766,0.01584772,0,0.42,0.13,0.45
"979",9,0.565,0.3575236,0.04975938,0,0.38,0.21,0.41
"980",10,0.5984375,0.4634146,0.03848782,0,0.27,0.24,0.49
"981",1,0.5569922,0.4001043,0.04387265,0,0.3,0.26,0.44
"982",2,0.4666406,0.3210377,0.02456541,0,0.41,0.19,0.4
"983",3,0.5819922,0.4349643,0.04508002,0,0.34,0.19,0.47
"984",4,0.5741406,0.4298914,0.03412631,0,0.39,0.12,0.49
"985",5,0.5515625,0.2888542,0.04299233,0,0.35,0.26,0.39
"986",6,0.461875,0.260108,0.02120353,0,0.48,0.13,0.39
"987",7,0.6557812,0.3821446,0.0775095,0,0.28,0.21,0.51
"988",8,0.4799609,0.3814011,0.02494626,0,0.44,0.16,0.4
"989",9,0.4649219,0.328313,0.03398188,0,0.45,0.2,0.35
"990",10,0.4821094,0.4749865,0.01996281,0,0.42,0.19,0.39
"991",1,0.5646875,0.2794617,0.05915673,0,0.35,0.28,0.37
"992",2,0.5625781,0.6201965,0.02104506,0,0.33,0.16,0.51
"993",3,0.4253516,0.3785026,0.01876904,0,0.52,0.13,0.35
"994",4,0.6360938,0.579627,0.03865826,0,0.31,0.17,0.52
"995",5,0.4383203,0.4195428,0.01088378,0,0.5,0.1,0.4
"996",6,0.6384766,0.3355448,0.07285991,0,0.31,0.26,0.43
"997",7,0.4942578,0.4617125,0.02181792,0,0.41,0.17,0.42
"998",8,0.6217578,0.4736406,0.03304204,0,0.3,0.15,0.55
"999",9,0.60375,0.4235059,0.05084464,0,0.29,0.25,0.46
"1000",10,0.5794922,0.3754753,0.04829312,0,0.26,0.28,0.46
